INSERT INTO USERS(ID, NAME, ADDRESS, AGE, CPF, SALARY, DEPARTMENT, POSITION, TIMESTAMP,COUNT_REGISTER,ENABLED)
VALUES 
('e51739bb-9b6a-4db7-826c-93627781f4d1', 'Igor Alves da Silva', 'R. da Casa Do Pão', 26, '455662366395', 13000, 0, 0, '2017-05-20 12:30:00',0,TRUE),
('327a58d2-2d91-4922-af24-1c71546bda7f', 'João da Silva', 'Rua das Flores', 35, '12345678901', 4000, 1, 2, '2016-08-10 08:45:00',0,TRUE),
('03e97e55-63f3-4295-9d26-3db8ef2c5e52', 'Maria Oliveira', 'Av. Central', 40, '98765432109', 3500, 2, 1, '2015-11-25 15:20:00',0,TRUE),
('9e4dcb5f-aa12-45ee-b2a7-493e98f9fb64', 'Carlos Santos', 'Rua dos Pássaros', 30, '56789012345', 3200, 0, 0, '2016-02-17 09:10:00',0,TRUE),
('ae4ab7c1-c3e6-4b15-971f-d8b32005854a', 'Ana Souza', 'Travessa do Sol', 28, '34567890123', 3800, 1, 0, '2018-03-30 14:00:00',0,TRUE),
('2c1f5946-03eb-4de4-b7c2-58d6d24dd1a3', 'Pedro Lima', 'Av. Principal', 45, '90123456789', 4100, 2, 2, '2014-07-08 11:55:00',0,TRUE),
('ed7c3aa0-1b32-4a08-8391-c82eac9a9f6c', 'Camila Pereira', 'Rua da Liberdade', 33, '23456789012', 3700, 0, 1, '2017-09-12 16:40:00',0,TRUE),
('fb7bc4c7-d25f-4f9f-a3b0-ae18b28559bc', 'Lucas Mendes', 'Rua das Pedras', 29, '67890123456', 3300, 1, 2, '2015-04-03 13:25:00',0,TRUE),
('c2d8d98b-eb9a-485b-94de-79a5a0ee4605', 'Mariana Silva', 'Av. dos Girassóis', 38, '45678901234', 3900, 2, 0, '2016-12-18 10:15:00',0,TRUE),
('7c918226-cdb7-496a-a6b4-1c74c0d50462', 'Paula Santos', 'Travessa das Águas', 31, '78901234567', 3600, 0, 2, '2014-10-29 17:50:00',0,TRUE);



INSERT INTO REGISTER_POINT(id,date,status,id_user) VALUES('b1cacb93-73b5-43ae-b330-b3afc8e5e30d', '2024-01-01 07:42:32',0,'e51739bb-9b6a-4db7-826c-93627781f4d1'),
('51eca3aa-5e14-4d29-8c2a-e7b7b5a7b84f', '2024-01-01 19:12:37',1,'e51739bb-9b6a-4db7-826c-93627781f4d1'),
('23ccd3d9-ac87-459b-aa2f-6680f60cfd1e', '2024-01-02 10:24:42',0,'e51739bb-9b6a-4db7-826c-93627781f4d1'),
('b72bea54-7434-426d-a012-55e2520ac2a7', '2024-01-02 15:00:49',1,'e51739bb-9b6a-4db7-826c-93627781f4d1'),
('61393d87-8277-4803-8a18-422870c372cf', '2024-01-03 07:25:57',0,'e51739bb-9b6a-4db7-826c-93627781f4d1'),
('4c40db06-7152-4b3f-bfb0-82bd5b84213c', '2024-01-03 19:04:17',1,'e51739bb-9b6a-4db7-826c-93627781f4d1'),
('09447620-8ec6-495c-b8d5-fef6a7eb95a2', '2024-01-04 09:48:44',0,'e51739bb-9b6a-4db7-826c-93627781f4d1'),
('928ff681-069f-4a2b-995a-5e301450379a', '2024-01-04 15:28:48',1,'e51739bb-9b6a-4db7-826c-93627781f4d1'),
('d1bbbbc5-66bd-42db-bc13-da3da838f288', '2024-01-05 10:02:17',0,'e51739bb-9b6a-4db7-826c-93627781f4d1'),
('f162624d-99e6-4768-9b02-824a2f7da5c5', '2024-01-05 15:25:09',1,'e51739bb-9b6a-4db7-826c-93627781f4d1'),
('a529f78f-1539-446d-b917-d63d5b83dbeb', '2024-01-06 07:58:43',0,'e51739bb-9b6a-4db7-826c-93627781f4d1'),
('04169d5f-2309-4982-ad77-1fb75c25182d', '2024-01-06 17:45:10',1,'e51739bb-9b6a-4db7-826c-93627781f4d1'),
('2ef513e4-306b-4763-aaf6-12d8b02b1f86', '2024-01-07 10:08:38',0,'e51739bb-9b6a-4db7-826c-93627781f4d1'),
('7e6a9e63-9857-4fae-9930-55ebe6dbccb7', '2024-01-07 14:08:00',1,'e51739bb-9b6a-4db7-826c-93627781f4d1'),
('55735635-2298-4e90-9161-82e9dcbff35d', '2024-01-08 12:46:28',0,'e51739bb-9b6a-4db7-826c-93627781f4d1'),
('82b449a9-c077-4ba1-89c5-0fe3e640bb0a', '2024-01-08 14:18:15',1,'e51739bb-9b6a-4db7-826c-93627781f4d1'),
('9c0bbd9c-9e3a-4697-ad10-1f2b6290130e', '2024-01-09 12:49:11',0,'e51739bb-9b6a-4db7-826c-93627781f4d1'),
('80846df2-ab53-497a-bf14-0e49f8d9ad00', '2024-01-09 15:35:36',1,'e51739bb-9b6a-4db7-826c-93627781f4d1'),
('3e3093f2-0a70-4a29-bb54-47b6cbf3334d', '2024-01-10 07:38:16',0,'e51739bb-9b6a-4db7-826c-93627781f4d1'),
('f7f6c88e-7251-40fb-a00f-59283d6bb24b', '2024-01-10 15:52:44',1,'e51739bb-9b6a-4db7-826c-93627781f4d1'),
('542fd77d-9502-427e-9e95-11ff8367461c', '2024-01-11 08:48:50',0,'e51739bb-9b6a-4db7-826c-93627781f4d1'),
('fb8c2b28-372d-4d05-bc42-fc9cb91cd1c0', '2024-01-11 19:46:32',1,'e51739bb-9b6a-4db7-826c-93627781f4d1'),
('eb61d918-0cd4-4f60-8320-8b189885a693', '2024-01-12 09:31:27',0,'e51739bb-9b6a-4db7-826c-93627781f4d1'),
('dc0e9e9f-dd1b-4af1-8179-e90eb9bd3ed7', '2024-01-12 16:39:17',1,'e51739bb-9b6a-4db7-826c-93627781f4d1'),
('71a3a5d2-c01a-48a9-bef6-27bc782503f7', '2024-01-13 08:45:25',0,'e51739bb-9b6a-4db7-826c-93627781f4d1'),
('35ccf396-6d9b-4246-8ecc-0ba65574f448', '2024-01-13 14:33:44',1,'e51739bb-9b6a-4db7-826c-93627781f4d1'),
('5cde621d-1214-453c-9ee4-9a96d121dc0b', '2024-01-14 07:07:15',0,'e51739bb-9b6a-4db7-826c-93627781f4d1'),
('1f929441-af54-4d6f-8b3d-a637bb7dfc1e', '2024-01-14 17:28:42',1,'e51739bb-9b6a-4db7-826c-93627781f4d1'),
('66ce13de-ad79-4b96-afd9-1610124e3e0e', '2024-01-15 08:02:00',0,'e51739bb-9b6a-4db7-826c-93627781f4d1'),
('6af7dd94-6f27-4565-adfd-f5941d42e2d5', '2024-01-15 16:40:01',1,'e51739bb-9b6a-4db7-826c-93627781f4d1'),
('2c2dc167-0372-4448-a526-8fb3c0e92212', '2024-01-16 09:52:07',0,'e51739bb-9b6a-4db7-826c-93627781f4d1'),
('bc8c787e-2c2b-43f3-adb5-a79721d96ceb', '2024-01-16 14:58:19',1,'e51739bb-9b6a-4db7-826c-93627781f4d1'),
('36eeffe6-addf-4dc8-b150-3cda4cfe5b29', '2024-01-17 12:53:43',0,'e51739bb-9b6a-4db7-826c-93627781f4d1'),
('6c7a52e4-f662-463e-9782-91e5bdabefc3', '2024-01-17 16:46:57',1,'e51739bb-9b6a-4db7-826c-93627781f4d1'),
('6fa92db6-9158-4c51-acf9-2ea1b9bf9d0b', '2024-01-18 07:20:01',0,'e51739bb-9b6a-4db7-826c-93627781f4d1'),
('8e3144bf-51bf-43ab-80fa-b39b0405d7e4', '2024-01-18 18:32:40',1,'e51739bb-9b6a-4db7-826c-93627781f4d1'),
('1351fcc9-f8ef-48b9-a572-3029ff245e1e', '2024-01-19 07:41:19',0,'e51739bb-9b6a-4db7-826c-93627781f4d1'),
('2a1ab70d-9f1c-422b-8089-fa8ca81fc72c', '2024-01-19 16:48:13',1,'e51739bb-9b6a-4db7-826c-93627781f4d1'),
('439232b0-8e27-47fe-87a6-03839e24c07e', '2024-01-20 10:20:02',0,'e51739bb-9b6a-4db7-826c-93627781f4d1'),
('673c7a3f-9edc-4e08-9388-58ecb19aa018', '2024-01-20 16:33:23',1,'e51739bb-9b6a-4db7-826c-93627781f4d1'),
('ee6cb41b-5f8b-4291-977b-2fcd740e5150', '2024-01-21 11:02:40',0,'e51739bb-9b6a-4db7-826c-93627781f4d1'),
('de0cbb9e-77f3-44c3-990f-2338beaf95cf', '2024-01-21 15:32:39',1,'e51739bb-9b6a-4db7-826c-93627781f4d1'),
('40526811-b591-41af-9987-6e082279a1f4', '2024-01-22 11:00:45',0,'e51739bb-9b6a-4db7-826c-93627781f4d1'),
('b33ae723-cbfe-4f31-ba6f-b730426b510e', '2024-01-22 15:51:47',1,'e51739bb-9b6a-4db7-826c-93627781f4d1'),
('33859857-6346-4a21-aadc-0b16b3114724', '2024-01-23 10:08:26',0,'e51739bb-9b6a-4db7-826c-93627781f4d1'),
('52282f16-6417-4729-9a8c-50694d5aa24e', '2024-01-23 16:51:59',1,'e51739bb-9b6a-4db7-826c-93627781f4d1'),
('d06fc8f0-fab0-47c3-a1d9-dc90f08ef60e', '2024-01-24 10:00:39',0,'e51739bb-9b6a-4db7-826c-93627781f4d1'),
('1036a399-0f34-4d55-93b7-705fd173ab5a', '2024-01-24 16:27:42',1,'e51739bb-9b6a-4db7-826c-93627781f4d1'),
('e3936578-1c9a-4670-93cf-94eb5a7e9e16', '2024-01-25 11:12:01',0,'e51739bb-9b6a-4db7-826c-93627781f4d1'),
('f8d4c3dc-52ca-483e-98f0-a78a659d8b53', '2024-01-25 19:01:09',1,'e51739bb-9b6a-4db7-826c-93627781f4d1'),
('2171b173-217b-4c86-ba55-117f83a9dd8c', '2024-01-26 10:02:57',0,'e51739bb-9b6a-4db7-826c-93627781f4d1'),
('9018c17e-0628-4c46-b513-71e7e146acce', '2024-01-26 16:19:02',1,'e51739bb-9b6a-4db7-826c-93627781f4d1'),
('46be3a1d-91e9-468b-8363-6e12b9aecc35', '2024-01-27 11:31:55',0,'e51739bb-9b6a-4db7-826c-93627781f4d1'),
('1e6271c3-78c6-4c08-87e1-276ac3755d2e', '2024-01-27 18:45:32',1,'e51739bb-9b6a-4db7-826c-93627781f4d1'),
('4bd4ac9a-fcb3-42c2-b306-2d9c6bb4cc5c', '2024-01-28 07:03:18',0,'e51739bb-9b6a-4db7-826c-93627781f4d1'),
('077ce233-ab53-4de2-bfa0-d60a251ce041', '2024-01-28 18:27:59',1,'e51739bb-9b6a-4db7-826c-93627781f4d1'),
('32b32b20-068a-4598-b2f4-7d51bec0bb37', '2024-01-29 12:00:11',0,'e51739bb-9b6a-4db7-826c-93627781f4d1'),
('f8d446a8-5d71-4074-988f-fc3f0b248c7a', '2024-01-29 15:09:22',1,'e51739bb-9b6a-4db7-826c-93627781f4d1'),
('8c20f4fb-7368-446c-8ea9-4972350e82d9', '2024-01-30 10:24:12',0,'e51739bb-9b6a-4db7-826c-93627781f4d1'),
('7fda48f7-a9ed-480d-9e15-9bfa1e97e6f1', '2024-01-30 18:22:37',1,'e51739bb-9b6a-4db7-826c-93627781f4d1'),
('fe2e6c0e-d3eb-48a9-a15a-c7f1966c3149', '2024-02-01 08:33:56',0,'327a58d2-2d91-4922-af24-1c71546bda7f'),
('3f5512a7-c56a-4e3f-8985-bec0388dc9d3', '2024-02-01 19:42:53',1,'327a58d2-2d91-4922-af24-1c71546bda7f'),
('7091af68-68c9-41d4-95bc-66e1c80869b2', '2024-02-02 07:14:09',0,'327a58d2-2d91-4922-af24-1c71546bda7f'),
('0e117815-c6b5-4076-81eb-e09b8a1311a5', '2024-02-02 14:59:50',1,'327a58d2-2d91-4922-af24-1c71546bda7f'),
('7fbd7f31-c721-4c4d-b850-d5c6383effea', '2024-02-03 09:38:38',0,'327a58d2-2d91-4922-af24-1c71546bda7f'),
('11e522bc-5894-4074-85d0-680a74ee5747', '2024-02-03 14:51:30',1,'327a58d2-2d91-4922-af24-1c71546bda7f'),
('912a2f8a-1a7c-422a-830b-747a2ec29807', '2024-02-04 10:38:19',0,'327a58d2-2d91-4922-af24-1c71546bda7f'),
('2440c5b0-a269-4c26-8552-1cfe87ef65b0', '2024-02-04 15:04:07',1,'327a58d2-2d91-4922-af24-1c71546bda7f'),
('6abedb2b-815e-44a1-aa03-4945b31dadaa', '2024-02-05 11:54:54',0,'327a58d2-2d91-4922-af24-1c71546bda7f'),
('358a2427-d9ab-482c-9fb0-f246d87d8f58', '2024-02-05 19:03:09',1,'327a58d2-2d91-4922-af24-1c71546bda7f'),
('7d6697cf-3c57-4bfd-9d82-f4954a69a13d', '2024-02-06 08:32:04',0,'327a58d2-2d91-4922-af24-1c71546bda7f'),
('e59fd9a7-0189-464e-a2ec-d72f106d551d', '2024-02-06 19:11:05',1,'327a58d2-2d91-4922-af24-1c71546bda7f'),
('83bf60e6-f37a-4104-b8cc-e292c67986fe', '2024-02-07 09:31:37',0,'327a58d2-2d91-4922-af24-1c71546bda7f'),
('7a7f1572-4a74-42ca-8cc5-34a0d7d361a5', '2024-02-07 14:05:21',1,'327a58d2-2d91-4922-af24-1c71546bda7f'),
('10cd6e97-86d0-47f8-bd69-83f4ece930ea', '2024-02-08 09:50:04',0,'327a58d2-2d91-4922-af24-1c71546bda7f'),
('eb445034-24a9-49ae-b856-0d8f11cc2412', '2024-02-08 17:40:38',1,'327a58d2-2d91-4922-af24-1c71546bda7f'),
('746f199c-e441-4bb6-91e4-559a76b67cd1', '2024-02-09 07:33:53',0,'327a58d2-2d91-4922-af24-1c71546bda7f'),
('9830be44-6da8-433a-b9e8-79b59b115a64', '2024-02-09 19:44:10',1,'327a58d2-2d91-4922-af24-1c71546bda7f'),
('9d61ff35-1a01-4cf5-a4b2-0ac022210de8', '2024-02-10 07:38:14',0,'327a58d2-2d91-4922-af24-1c71546bda7f'),
('97f31eea-b54e-4f16-812c-75dd2aeef642', '2024-02-10 19:24:31',1,'327a58d2-2d91-4922-af24-1c71546bda7f'),
('fa507389-78bb-4e9a-8bfb-61034c2fff4c', '2024-02-11 09:11:47',0,'327a58d2-2d91-4922-af24-1c71546bda7f'),
('c749b543-7ebe-4659-a161-99a5684cc385', '2024-02-11 16:47:20',1,'327a58d2-2d91-4922-af24-1c71546bda7f'),
('d024c018-6d80-46bc-9297-310dee76f668', '2024-02-12 10:01:19',0,'327a58d2-2d91-4922-af24-1c71546bda7f'),
('bf5b2b82-9390-4828-ad22-d8689edf3dce', '2024-02-12 15:31:25',1,'327a58d2-2d91-4922-af24-1c71546bda7f'),
('47207e5b-b8a9-491e-9ec4-c249eddf4212', '2024-02-13 07:54:26',0,'327a58d2-2d91-4922-af24-1c71546bda7f'),
('da0c1046-4033-4de6-b4b8-382b802f28c0', '2024-02-13 18:17:23',1,'327a58d2-2d91-4922-af24-1c71546bda7f'),
('88328058-1338-478f-af52-5b69b93cdac0', '2024-02-14 10:58:30',0,'327a58d2-2d91-4922-af24-1c71546bda7f'),
('5bbdb72f-adda-42fb-bae5-6044b79c13fd', '2024-02-14 16:38:51',1,'327a58d2-2d91-4922-af24-1c71546bda7f'),
('2046273a-5b81-4c3b-9250-0394a29b7798', '2024-02-15 09:10:02',0,'327a58d2-2d91-4922-af24-1c71546bda7f'),
('4dc29c2a-057b-4a9f-a4da-2beb783389af', '2024-02-15 17:17:30',1,'327a58d2-2d91-4922-af24-1c71546bda7f'),
('8ccc80a2-7069-4d0d-bf6a-b840cc4bc403', '2024-02-16 10:23:49',0,'327a58d2-2d91-4922-af24-1c71546bda7f'),
('60569023-97b5-4b97-ae34-4103e7a6b9cf', '2024-02-16 19:36:20',1,'327a58d2-2d91-4922-af24-1c71546bda7f'),
('368527f8-c324-4196-abd8-eeb80ac77c49', '2024-02-17 12:11:22',0,'327a58d2-2d91-4922-af24-1c71546bda7f'),
('09e85676-2fef-4254-a42b-bcb094fc3fdc', '2024-02-17 18:10:49',1,'327a58d2-2d91-4922-af24-1c71546bda7f'),
('00306b8d-8033-4ca1-99e0-756fe8376cb1', '2024-02-18 11:02:36',0,'327a58d2-2d91-4922-af24-1c71546bda7f'),
('1f2e8f7c-4685-4a82-a456-23a34da56d0e', '2024-02-18 18:55:48',1,'327a58d2-2d91-4922-af24-1c71546bda7f'),
('10f27d25-6a4a-4d9d-9e41-44d235409c9b', '2024-02-19 11:09:23',0,'327a58d2-2d91-4922-af24-1c71546bda7f'),
('0907c9c5-413e-4bbc-a20c-5f158a15d766', '2024-02-19 14:49:52',1,'327a58d2-2d91-4922-af24-1c71546bda7f'),
('4151d675-4565-4e72-888c-4d7be050df72', '2024-02-20 11:17:51',0,'327a58d2-2d91-4922-af24-1c71546bda7f'),
('bcba7e7d-e1b6-4a96-a0a9-c55617db80a5', '2024-02-20 19:04:10',1,'327a58d2-2d91-4922-af24-1c71546bda7f'),
('0a46b313-88ce-4728-8795-93cce15fde35', '2024-02-21 11:09:29',0,'327a58d2-2d91-4922-af24-1c71546bda7f'),
('e6ad3fc1-48f1-4a98-b72e-62c565acae37', '2024-02-21 16:43:29',1,'327a58d2-2d91-4922-af24-1c71546bda7f'),
('1e9dc157-869d-4703-ba9e-0f1d38df60ab', '2024-02-22 11:52:06',0,'327a58d2-2d91-4922-af24-1c71546bda7f'),
('5d87caa4-e0ab-454a-974a-d28905331086', '2024-02-22 19:06:17',1,'327a58d2-2d91-4922-af24-1c71546bda7f'),
('1c5b2235-4c1a-43eb-9a59-c6b3fe21844e', '2024-02-23 08:17:44',0,'327a58d2-2d91-4922-af24-1c71546bda7f'),
('73551495-df67-463e-b019-721b33458681', '2024-02-23 18:03:30',1,'327a58d2-2d91-4922-af24-1c71546bda7f'),
('40a8c96a-f46d-45f5-822e-17470d6a8f75', '2024-02-24 12:49:02',0,'327a58d2-2d91-4922-af24-1c71546bda7f'),
('b4fa72f4-31b8-48b7-99b4-243218d77978', '2024-02-24 19:40:52',1,'327a58d2-2d91-4922-af24-1c71546bda7f'),
('1cde5912-ac13-45d9-91fa-1b14c2a98f51', '2024-02-25 11:27:20',0,'327a58d2-2d91-4922-af24-1c71546bda7f'),
('a810a338-ed04-4fd9-958e-4d68b40bf909', '2024-02-25 18:28:31',1,'327a58d2-2d91-4922-af24-1c71546bda7f'),
('82480f73-0674-4bee-aa2d-cc6b67ff7dfa', '2024-02-26 10:15:49',0,'327a58d2-2d91-4922-af24-1c71546bda7f'),
('99dcab23-b5ae-4f94-85cd-e28006a41e2b', '2024-02-26 19:42:33',1,'327a58d2-2d91-4922-af24-1c71546bda7f'),
('6bbf4e80-d0d2-46c3-bf3e-b53ae9c96839', '2024-02-27 07:21:11',0,'327a58d2-2d91-4922-af24-1c71546bda7f'),
('ffad3f7a-fa52-46ec-86c1-bba33780b489', '2024-02-27 18:50:43',1,'327a58d2-2d91-4922-af24-1c71546bda7f'),
('c4a3d8be-afe1-4d9a-9d74-667b792f53b6', '2024-02-28 09:26:13',0,'327a58d2-2d91-4922-af24-1c71546bda7f'),
('34a4f2f0-355d-4630-a56b-9cd22b5a671d', '2024-02-28 15:34:18',1,'327a58d2-2d91-4922-af24-1c71546bda7f'),
('4e052e37-5815-4219-83b5-e5a52a789b44', '2024-03-01 11:07:41',0,'03e97e55-63f3-4295-9d26-3db8ef2c5e52'),
('b4cd119e-005a-420d-b382-229798666db5', '2024-03-01 16:21:23',1,'03e97e55-63f3-4295-9d26-3db8ef2c5e52'),
('cbd93a7e-3181-4cd0-a62c-3dd2e5db42c7', '2024-03-02 09:20:01',0,'03e97e55-63f3-4295-9d26-3db8ef2c5e52'),
('9da319dd-b6ac-4d6a-bde7-8212899adb04', '2024-03-02 15:20:39',1,'03e97e55-63f3-4295-9d26-3db8ef2c5e52'),
('58dbbc4f-860a-4697-bef1-d6966fdf68a5', '2024-03-03 12:24:53',0,'03e97e55-63f3-4295-9d26-3db8ef2c5e52'),
('c94e4001-6521-4b0b-9c89-190e29adf376', '2024-03-03 19:14:19',1,'03e97e55-63f3-4295-9d26-3db8ef2c5e52'),
('76625297-3a37-4a0e-8b1a-de7ac2e32ce6', '2024-03-04 09:11:49',0,'03e97e55-63f3-4295-9d26-3db8ef2c5e52'),
('35d38f26-0166-4f81-a882-1a9df2ca6ea5', '2024-03-04 19:06:54',1,'03e97e55-63f3-4295-9d26-3db8ef2c5e52'),
('61c8894c-328e-41da-b918-923f1db278d4', '2024-03-05 12:47:48',0,'03e97e55-63f3-4295-9d26-3db8ef2c5e52'),
('9b6472e7-733e-4c2c-b150-e13f2405ecfd', '2024-03-05 17:14:18',1,'03e97e55-63f3-4295-9d26-3db8ef2c5e52'),
('5cb810a1-5c50-4ec8-8e23-19407644ac6c', '2024-03-06 08:08:39',0,'03e97e55-63f3-4295-9d26-3db8ef2c5e52'),
('d56cd3b1-0426-4078-8ab5-30455c76a747', '2024-03-06 14:20:32',1,'03e97e55-63f3-4295-9d26-3db8ef2c5e52'),
('cbd0ae30-bd5c-452e-b269-37062bfbedbd', '2024-03-07 07:58:52',0,'03e97e55-63f3-4295-9d26-3db8ef2c5e52'),
('4ef02a28-d930-4839-aee5-cfda7ed86542', '2024-03-07 14:02:33',1,'03e97e55-63f3-4295-9d26-3db8ef2c5e52'),
('99a666c2-776d-4811-b13f-129ae0ab7d60', '2024-03-08 07:49:09',0,'03e97e55-63f3-4295-9d26-3db8ef2c5e52'),
('c6a31e8a-6976-42f2-aa1f-751f71f9d98b', '2024-03-08 16:47:17',1,'03e97e55-63f3-4295-9d26-3db8ef2c5e52'),
('8efaa8cd-27df-486d-8ac7-107aaf701413', '2024-03-09 08:36:09',0,'03e97e55-63f3-4295-9d26-3db8ef2c5e52'),
('c91e9a28-029f-45d3-a4db-fa4b38fde0a8', '2024-03-09 15:19:39',1,'03e97e55-63f3-4295-9d26-3db8ef2c5e52'),
('69884587-b962-4a5e-9bf3-0de5f65b027c', '2024-03-10 10:19:13',0,'03e97e55-63f3-4295-9d26-3db8ef2c5e52'),
('dba7a728-f35a-4180-b22e-712724eaf7eb', '2024-03-10 15:55:44',1,'03e97e55-63f3-4295-9d26-3db8ef2c5e52'),
('cfbeaee5-3262-4b42-a6b7-f3cfacbb95cf', '2024-03-11 09:09:07',0,'03e97e55-63f3-4295-9d26-3db8ef2c5e52'),
('bdab5b75-9f98-40b0-bccf-9c3fbc792fd1', '2024-03-11 17:11:20',1,'03e97e55-63f3-4295-9d26-3db8ef2c5e52'),
('5fd1cf55-bb8b-461f-8354-d285a9ba4c20', '2024-03-12 12:19:58',0,'03e97e55-63f3-4295-9d26-3db8ef2c5e52'),
('aca57de1-05d5-40ef-8f6d-08cf88ad378d', '2024-03-12 15:49:42',1,'03e97e55-63f3-4295-9d26-3db8ef2c5e52'),
('5be685e1-4901-4b60-ac7c-38acedb619d9', '2024-03-13 09:52:07',0,'03e97e55-63f3-4295-9d26-3db8ef2c5e52'),
('7f9aeaa9-ad3c-4809-9327-db7378286ac5', '2024-03-13 14:01:48',1,'03e97e55-63f3-4295-9d26-3db8ef2c5e52'),
('38c55474-dabb-4562-aaba-3040b21e2807', '2024-03-14 12:39:29',0,'03e97e55-63f3-4295-9d26-3db8ef2c5e52'),
('08bb8e0b-ad56-4736-97ee-9c66a2e6de9a', '2024-03-14 18:51:40',1,'03e97e55-63f3-4295-9d26-3db8ef2c5e52'),
('d0c87a6d-9dfb-4138-a1d7-4f825a7dc619', '2024-03-15 09:38:20',0,'03e97e55-63f3-4295-9d26-3db8ef2c5e52'),
('86b74780-4605-4091-967a-9359bc97ecdd', '2024-03-15 18:18:22',1,'03e97e55-63f3-4295-9d26-3db8ef2c5e52'),
('cb1a8109-3212-45c2-939f-d00fb3545b2c', '2024-03-16 12:27:59',0,'03e97e55-63f3-4295-9d26-3db8ef2c5e52'),
('314cc068-0b01-4142-98df-455ed2860fad', '2024-03-16 14:35:21',1,'03e97e55-63f3-4295-9d26-3db8ef2c5e52'),
('b285612d-d6aa-4c15-aae3-e0ce47f83760', '2024-03-17 12:12:23',0,'03e97e55-63f3-4295-9d26-3db8ef2c5e52'),
('35bc1bc4-cec8-4499-a7a7-65d5c2bf3ef7', '2024-03-17 17:03:43',1,'03e97e55-63f3-4295-9d26-3db8ef2c5e52'),
('33979730-aefe-42d1-bf07-0d41e12f0f7f', '2024-03-18 08:54:22',0,'03e97e55-63f3-4295-9d26-3db8ef2c5e52'),
('719d7f2a-b7e0-4726-81be-f047a0581ccd', '2024-03-18 14:29:27',1,'03e97e55-63f3-4295-9d26-3db8ef2c5e52'),
('b36e2d8d-ae5d-4089-8875-69b9aa86c5d7', '2024-03-19 11:59:42',0,'03e97e55-63f3-4295-9d26-3db8ef2c5e52'),
('95b22b99-b64d-4f92-897f-93325780cd44', '2024-03-19 16:03:46',1,'03e97e55-63f3-4295-9d26-3db8ef2c5e52'),
('b2181037-5fd5-45a3-8749-e23fe5299882', '2024-03-20 07:54:14',0,'03e97e55-63f3-4295-9d26-3db8ef2c5e52'),
('29b09a2a-5d22-40bd-a10b-f2bfcc67fffb', '2024-03-20 14:23:28',1,'03e97e55-63f3-4295-9d26-3db8ef2c5e52'),
('08a552e9-8e69-46c2-a507-233bf32452af', '2024-03-21 12:50:43',0,'03e97e55-63f3-4295-9d26-3db8ef2c5e52'),
('baa28ebb-7e6e-4228-b430-5bd2f60e8d0c', '2024-03-21 14:30:09',1,'03e97e55-63f3-4295-9d26-3db8ef2c5e52'),
('5e301e73-2698-479d-b655-a445ea480f8f', '2024-03-22 12:17:05',0,'03e97e55-63f3-4295-9d26-3db8ef2c5e52'),
('4a1b96d9-5a28-4d2c-a670-1f9e6ced6618', '2024-03-22 18:36:29',1,'03e97e55-63f3-4295-9d26-3db8ef2c5e52'),
('8003fecf-f8b6-4229-8236-93ca69f47158', '2024-03-23 07:32:48',0,'03e97e55-63f3-4295-9d26-3db8ef2c5e52'),
('d5f7b62d-f4d5-4302-a56c-6971eb4b6066', '2024-03-23 15:17:54',1,'03e97e55-63f3-4295-9d26-3db8ef2c5e52'),
('887ed08a-5f56-40ff-b391-e7f49dc5d90a', '2024-03-24 07:46:40',0,'03e97e55-63f3-4295-9d26-3db8ef2c5e52'),
('97f7bcc0-d7a3-44eb-b213-7d4c188bc742', '2024-03-24 18:30:55',1,'03e97e55-63f3-4295-9d26-3db8ef2c5e52'),
('e1499ad8-ce65-4351-8d4a-9ff2700f161c', '2024-03-25 12:29:56',0,'03e97e55-63f3-4295-9d26-3db8ef2c5e52'),
('79f69acf-522b-4fad-9683-785e74ed7c44', '2024-03-25 16:52:43',1,'03e97e55-63f3-4295-9d26-3db8ef2c5e52'),
('6b2b0439-cebe-4fd3-803c-a83d40c63342', '2024-03-26 12:01:53',0,'03e97e55-63f3-4295-9d26-3db8ef2c5e52'),
('7db87482-f84e-4564-a902-f88cb0eff702', '2024-03-26 17:53:07',1,'03e97e55-63f3-4295-9d26-3db8ef2c5e52'),
('e3e1cab8-1a63-41d2-ac62-2d9c58e6583c', '2024-03-27 08:01:25',0,'03e97e55-63f3-4295-9d26-3db8ef2c5e52'),
('9f88678f-4fbc-4ae2-aaa5-6f81ea9a0cb1', '2024-03-27 18:09:56',1,'03e97e55-63f3-4295-9d26-3db8ef2c5e52'),
('b74c87b3-d581-4342-8581-73e949978dec', '2024-03-28 07:31:43',0,'03e97e55-63f3-4295-9d26-3db8ef2c5e52'),
('1e463b5b-4d5f-4024-9da3-4dbd5c5f4e6b', '2024-03-28 15:04:24',1,'03e97e55-63f3-4295-9d26-3db8ef2c5e52'),
('6ee0fc8e-9fcf-4f23-a5de-b0ffa678ab0a', '2024-03-29 10:40:57',0,'03e97e55-63f3-4295-9d26-3db8ef2c5e52'),
('9f6ef95b-c4db-4470-ac0c-eaaa4467b475', '2024-03-29 19:24:12',1,'03e97e55-63f3-4295-9d26-3db8ef2c5e52'),
('7174f373-e483-4c45-9d07-0213efcd08c1', '2024-03-30 07:38:57',0,'03e97e55-63f3-4295-9d26-3db8ef2c5e52'),
('fd65d52c-9e55-4b5d-a22d-a8adcd96b817', '2024-03-30 18:05:15',1,'03e97e55-63f3-4295-9d26-3db8ef2c5e52'),
('728bc61c-3366-44e2-91bb-0ca97b520509', '2024-04-01 09:40:59',0,'9e4dcb5f-aa12-45ee-b2a7-493e98f9fb64'),
('2f28dc88-8835-4a21-bd12-114d9b6642c1', '2024-04-01 16:43:43',1,'9e4dcb5f-aa12-45ee-b2a7-493e98f9fb64'),
('6c220585-3f19-41ee-b91f-26df222bb6c3', '2024-04-02 08:17:46',0,'9e4dcb5f-aa12-45ee-b2a7-493e98f9fb64'),
('4dc760cd-5410-42ca-ae3e-a26aeb24d5f3', '2024-04-02 18:37:27',1,'9e4dcb5f-aa12-45ee-b2a7-493e98f9fb64'),
('038b69a6-16f1-4a7e-8913-03d5a988f909', '2024-04-03 09:43:46',0,'9e4dcb5f-aa12-45ee-b2a7-493e98f9fb64'),
('8e608fd9-1cdb-43a1-be59-0364d48c3ad4', '2024-04-03 15:49:03',1,'9e4dcb5f-aa12-45ee-b2a7-493e98f9fb64'),
('3c97f107-8aed-4bd0-ab37-898931f020ae', '2024-04-04 10:23:46',0,'9e4dcb5f-aa12-45ee-b2a7-493e98f9fb64'),
('719f87b1-1c42-48e7-944c-f0a9fb409fa0', '2024-04-04 16:27:55',1,'9e4dcb5f-aa12-45ee-b2a7-493e98f9fb64'),
('2bbc0c5d-1de2-49a8-b6fb-e23ef7bcf3ce', '2024-04-05 10:45:12',0,'9e4dcb5f-aa12-45ee-b2a7-493e98f9fb64'),
('9eeefec2-418c-40ec-bf54-3551232a035e', '2024-04-05 15:16:13',1,'9e4dcb5f-aa12-45ee-b2a7-493e98f9fb64'),
('70d6771e-a736-4a2a-b7ae-436cf3a018ab', '2024-04-06 07:30:05',0,'9e4dcb5f-aa12-45ee-b2a7-493e98f9fb64'),
('c507fcaf-d457-4682-9711-b29216dfae47', '2024-04-06 17:27:02',1,'9e4dcb5f-aa12-45ee-b2a7-493e98f9fb64'),
('16c0b7f3-3b3d-4238-9591-1cdbff8f4c68', '2024-04-07 12:20:18',0,'9e4dcb5f-aa12-45ee-b2a7-493e98f9fb64'),
('495d1efc-c133-4c23-b28d-037944614771', '2024-04-07 19:55:12',1,'9e4dcb5f-aa12-45ee-b2a7-493e98f9fb64'),
('0567eeef-2e9e-4c8a-a3d3-ef76a6a6f621', '2024-04-08 12:46:54',0,'9e4dcb5f-aa12-45ee-b2a7-493e98f9fb64'),
('8660057d-be90-48dd-bd90-3c25bcadade7', '2024-04-08 15:12:10',1,'9e4dcb5f-aa12-45ee-b2a7-493e98f9fb64'),
('7aba0fa5-8b71-4e47-8ff7-423c463eecea', '2024-04-09 12:52:17',0,'9e4dcb5f-aa12-45ee-b2a7-493e98f9fb64'),
('05566178-b342-4685-8430-08d6e66e31d0', '2024-04-09 17:00:54',1,'9e4dcb5f-aa12-45ee-b2a7-493e98f9fb64'),
('bb007913-a0de-4443-808d-5b7c0d261105', '2024-04-10 11:24:19',0,'9e4dcb5f-aa12-45ee-b2a7-493e98f9fb64'),
('e6cfcac8-6005-46b2-9193-88b3b3012d94', '2024-04-10 18:42:33',1,'9e4dcb5f-aa12-45ee-b2a7-493e98f9fb64'),
('dc37d285-c878-4ff2-8bae-8faea28007a5', '2024-04-11 12:19:54',0,'9e4dcb5f-aa12-45ee-b2a7-493e98f9fb64'),
('ed044ea2-34cd-4dff-bdbf-8dd36ea306a4', '2024-04-11 19:06:03',1,'9e4dcb5f-aa12-45ee-b2a7-493e98f9fb64'),
('631025f6-16e9-43ee-a1dc-aebf225c4036', '2024-04-12 08:51:12',0,'9e4dcb5f-aa12-45ee-b2a7-493e98f9fb64'),
('47c6f724-eaa4-4a3d-a4b6-8594eab522c1', '2024-04-12 16:02:24',1,'9e4dcb5f-aa12-45ee-b2a7-493e98f9fb64'),
('463e8792-1a96-4dbf-96ce-80cc4609f05a', '2024-04-13 08:44:14',0,'9e4dcb5f-aa12-45ee-b2a7-493e98f9fb64'),
('b04d4179-0713-4157-a1e9-08ca50294988', '2024-04-13 19:54:19',1,'9e4dcb5f-aa12-45ee-b2a7-493e98f9fb64'),
('04d49a4f-478d-4787-b635-0d69fc1efb73', '2024-04-14 12:22:47',0,'9e4dcb5f-aa12-45ee-b2a7-493e98f9fb64'),
('ec502d8a-7ea3-49c3-8335-8b5b717de725', '2024-04-14 16:31:09',1,'9e4dcb5f-aa12-45ee-b2a7-493e98f9fb64'),
('a226476c-0abe-453d-9a9f-ac4519f3cbcc', '2024-04-15 12:51:36',0,'9e4dcb5f-aa12-45ee-b2a7-493e98f9fb64'),
('97125f8b-9324-4546-9e42-2fdf9e70ca8e', '2024-04-15 16:23:38',1,'9e4dcb5f-aa12-45ee-b2a7-493e98f9fb64'),
('c3f301fd-7ef3-4de1-8930-0ff354fb3ac4', '2024-04-16 11:28:38',0,'9e4dcb5f-aa12-45ee-b2a7-493e98f9fb64'),
('95361e71-2454-4548-8209-5ee731112390', '2024-04-16 14:06:12',1,'9e4dcb5f-aa12-45ee-b2a7-493e98f9fb64'),
('7d9d0d17-3ce1-41e6-b91b-3fe1d488213f', '2024-04-17 10:09:40',0,'9e4dcb5f-aa12-45ee-b2a7-493e98f9fb64'),
('38e0e708-6643-450b-8db5-12d641200125', '2024-04-17 16:47:30',1,'9e4dcb5f-aa12-45ee-b2a7-493e98f9fb64'),
('f411fe5b-b879-4b15-af33-818396ac8efb', '2024-04-18 07:21:52',0,'9e4dcb5f-aa12-45ee-b2a7-493e98f9fb64'),
('fab49407-188c-49fe-a807-47631a0099fc', '2024-04-18 14:03:43',1,'9e4dcb5f-aa12-45ee-b2a7-493e98f9fb64'),
('459538d8-fd78-465b-9a65-43ece7612ca8', '2024-04-19 09:18:29',0,'9e4dcb5f-aa12-45ee-b2a7-493e98f9fb64'),
('012201af-0bf0-4a8d-935a-5f831eeeee9b', '2024-04-19 15:27:58',1,'9e4dcb5f-aa12-45ee-b2a7-493e98f9fb64'),
('5c67d4ae-3fc0-419a-920f-d039c02e3c5f', '2024-04-20 12:57:18',0,'9e4dcb5f-aa12-45ee-b2a7-493e98f9fb64'),
('0303fb22-fdaa-4d0f-a41b-5e97e8b8e190', '2024-04-20 16:50:36',1,'9e4dcb5f-aa12-45ee-b2a7-493e98f9fb64'),
('64e175d9-2e04-4422-aa6a-5fcd3527c77c', '2024-04-21 08:18:52',0,'9e4dcb5f-aa12-45ee-b2a7-493e98f9fb64'),
('09ba1ed7-7513-4c0a-ac5c-250e16514004', '2024-04-21 14:35:23',1,'9e4dcb5f-aa12-45ee-b2a7-493e98f9fb64'),
('9426bf56-c2d1-4f21-8e02-1e9eb8189afe', '2024-04-22 08:35:30',0,'9e4dcb5f-aa12-45ee-b2a7-493e98f9fb64'),
('e9fca3ee-f3bb-4dea-bf2b-0f815a991633', '2024-04-22 16:29:36',1,'9e4dcb5f-aa12-45ee-b2a7-493e98f9fb64'),
('6eaec184-4e9f-4323-9c23-a206e0180978', '2024-04-23 10:48:44',0,'9e4dcb5f-aa12-45ee-b2a7-493e98f9fb64'),
('5d1f42b0-1135-4eed-92c3-9ece6829eff7', '2024-04-23 15:51:44',1,'9e4dcb5f-aa12-45ee-b2a7-493e98f9fb64'),
('359085a0-d2d6-4078-b4fd-e24fedc09d98', '2024-04-24 11:12:46',0,'9e4dcb5f-aa12-45ee-b2a7-493e98f9fb64'),
('64b75195-3ed5-49f3-8cf0-f3ece9a68beb', '2024-04-24 15:24:30',1,'9e4dcb5f-aa12-45ee-b2a7-493e98f9fb64'),
('5004ee1e-1030-4a22-9b22-189e4a90617e', '2024-04-25 10:42:06',0,'9e4dcb5f-aa12-45ee-b2a7-493e98f9fb64'),
('26d981c6-3bc8-4d77-96af-1e60495fe10c', '2024-04-25 16:38:03',1,'9e4dcb5f-aa12-45ee-b2a7-493e98f9fb64'),
('3163aaff-6315-4033-a318-375b8fb50f3d', '2024-04-26 08:02:27',0,'9e4dcb5f-aa12-45ee-b2a7-493e98f9fb64'),
('513f36ae-379f-41ff-8743-e257c36d551b', '2024-04-26 17:52:41',1,'9e4dcb5f-aa12-45ee-b2a7-493e98f9fb64'),
('b8d8155e-dafe-4dc2-879a-785545557c35', '2024-04-27 10:25:53',0,'9e4dcb5f-aa12-45ee-b2a7-493e98f9fb64'),
('d9bcf183-b008-4302-8134-9dbccdeb9dbe', '2024-04-27 19:25:11',1,'9e4dcb5f-aa12-45ee-b2a7-493e98f9fb64'),
('d1b2ea22-42c6-4f1b-85ff-00a36cbd2f06', '2024-04-28 08:01:56',0,'9e4dcb5f-aa12-45ee-b2a7-493e98f9fb64'),
('225dc30a-aec1-42f8-92f0-8972e663d033', '2024-04-28 16:58:31',1,'9e4dcb5f-aa12-45ee-b2a7-493e98f9fb64'),
('96a3057e-507f-4acc-be92-e4c0624d3f96', '2024-04-29 12:09:03',0,'9e4dcb5f-aa12-45ee-b2a7-493e98f9fb64'),
('23c6c970-6b06-4533-85d4-d98ec4c27b8b', '2024-04-29 18:01:29',1,'9e4dcb5f-aa12-45ee-b2a7-493e98f9fb64'),
('ce417ce9-7df1-4ae3-9901-0dbb1d106c8d', '2024-04-30 08:01:43',0,'9e4dcb5f-aa12-45ee-b2a7-493e98f9fb64'),
('5a8f4688-e334-4b2e-8c67-f69f361dd90d', '2024-04-30 15:47:47',1,'9e4dcb5f-aa12-45ee-b2a7-493e98f9fb64'),
('fdfaf929-d2bc-4aca-8591-7f148901ed9d', '2024-05-01 11:22:03',0,'ae4ab7c1-c3e6-4b15-971f-d8b32005854a'),
('807d7e24-ab74-454d-920b-4da5688ff3d8', '2024-05-01 18:34:11',1,'ae4ab7c1-c3e6-4b15-971f-d8b32005854a'),
('7b87e31f-d7e2-481a-9c39-75d4031149c1', '2024-05-02 12:06:51',0,'ae4ab7c1-c3e6-4b15-971f-d8b32005854a'),
('16277de6-59d0-4b51-a3ea-c3a6c9d8079d', '2024-05-02 16:52:10',1,'ae4ab7c1-c3e6-4b15-971f-d8b32005854a'),
('bdde01fe-40f5-470c-b7b2-d0874ba87aab', '2024-05-03 09:02:56',0,'ae4ab7c1-c3e6-4b15-971f-d8b32005854a'),
('3faa9f91-c61b-4a67-8f5a-ac6be1b898d3', '2024-05-03 18:23:24',1,'ae4ab7c1-c3e6-4b15-971f-d8b32005854a'),
('5a59e8d6-bf95-4a49-8651-130ead56480e', '2024-05-04 10:24:56',0,'ae4ab7c1-c3e6-4b15-971f-d8b32005854a'),
('74038ef6-02ec-43e1-bb2e-f050a65b4a59', '2024-05-04 14:00:19',1,'ae4ab7c1-c3e6-4b15-971f-d8b32005854a'),
('2193694b-faea-485c-b3eb-da6a4677ec86', '2024-05-05 10:56:04',0,'ae4ab7c1-c3e6-4b15-971f-d8b32005854a'),
('ae8f1663-4fcb-4a9a-831d-39a0fafdc2ff', '2024-05-05 18:23:34',1,'ae4ab7c1-c3e6-4b15-971f-d8b32005854a'),
('ccc94780-4854-4b6f-b6d2-d9389ed54f2d', '2024-05-06 11:21:45',0,'ae4ab7c1-c3e6-4b15-971f-d8b32005854a'),
('0216d162-0a51-4c11-9fa7-bc4ccf46a282', '2024-05-06 19:26:25',1,'ae4ab7c1-c3e6-4b15-971f-d8b32005854a'),
('3d6e3604-d4cc-4a71-a342-f319d0f69f28', '2024-05-07 09:53:34',0,'ae4ab7c1-c3e6-4b15-971f-d8b32005854a'),
('4d3fdfa8-629b-4919-b2e2-7b18eac14bf8', '2024-05-07 18:34:29',1,'ae4ab7c1-c3e6-4b15-971f-d8b32005854a'),
('03a36dec-c16e-4f33-8f37-bfa954b15fac', '2024-05-08 12:34:47',0,'ae4ab7c1-c3e6-4b15-971f-d8b32005854a'),
('59f09784-579c-42f9-9644-f98436056eef', '2024-05-08 18:22:46',1,'ae4ab7c1-c3e6-4b15-971f-d8b32005854a'),
('c9bcb122-2717-4176-850d-236f70a4ed6e', '2024-05-09 07:38:48',0,'ae4ab7c1-c3e6-4b15-971f-d8b32005854a'),
('5dd2ecc5-bfc1-461d-929c-2048ba9f4bdf', '2024-05-09 18:22:33',1,'ae4ab7c1-c3e6-4b15-971f-d8b32005854a'),
('5b3b0a78-dde4-454c-9b9d-7dd489ff38d7', '2024-05-10 08:00:40',0,'ae4ab7c1-c3e6-4b15-971f-d8b32005854a'),
('5a2ee0b6-ae13-4bda-a250-f951ebfc91c5', '2024-05-10 15:48:13',1,'ae4ab7c1-c3e6-4b15-971f-d8b32005854a'),
('0ed5cbbe-8eb8-4440-aeab-847325201ed1', '2024-05-11 10:37:48',0,'ae4ab7c1-c3e6-4b15-971f-d8b32005854a'),
('9b095f38-c7d0-40bb-971e-356f534da673', '2024-05-11 14:44:56',1,'ae4ab7c1-c3e6-4b15-971f-d8b32005854a'),
('462d7bf1-c98e-4dcd-a702-7777e2d960ad', '2024-05-12 07:29:30',0,'ae4ab7c1-c3e6-4b15-971f-d8b32005854a'),
('99f20228-592f-46b3-a901-742347223722', '2024-05-12 14:23:40',1,'ae4ab7c1-c3e6-4b15-971f-d8b32005854a'),
('f0d9d5b0-cd13-48cd-9193-0392561ff18b', '2024-05-13 07:21:50',0,'ae4ab7c1-c3e6-4b15-971f-d8b32005854a'),
('1ca6ec60-6fc0-44f4-a6f4-d67e100d2cad', '2024-05-13 16:14:42',1,'ae4ab7c1-c3e6-4b15-971f-d8b32005854a'),
('afcd590f-9383-449b-9d55-beb95ef642fe', '2024-05-14 11:55:46',0,'ae4ab7c1-c3e6-4b15-971f-d8b32005854a'),
('3d0a002b-0b9c-4a0f-8374-39398745c57a', '2024-05-14 15:37:01',1,'ae4ab7c1-c3e6-4b15-971f-d8b32005854a'),
('6439f054-5a94-419b-96f8-fd3660b76626', '2024-05-15 12:50:32',0,'ae4ab7c1-c3e6-4b15-971f-d8b32005854a'),
('477a3f47-3a95-4989-a4e3-019b0b427e4f', '2024-05-15 18:55:14',1,'ae4ab7c1-c3e6-4b15-971f-d8b32005854a'),
('ba9f9140-f078-46f9-b9c2-3d6371b1aad2', '2024-05-16 09:03:49',0,'ae4ab7c1-c3e6-4b15-971f-d8b32005854a'),
('62337a69-9274-4103-bb91-6c4a1b924ddd', '2024-05-16 17:32:16',1,'ae4ab7c1-c3e6-4b15-971f-d8b32005854a'),
('7db209ae-91e7-471a-9275-7fed9e573b26', '2024-05-17 08:50:44',0,'ae4ab7c1-c3e6-4b15-971f-d8b32005854a'),
('1b79c60b-03d9-4468-9fbf-521e8d987f3c', '2024-05-17 14:42:39',1,'ae4ab7c1-c3e6-4b15-971f-d8b32005854a'),
('6751d166-52e2-4fe0-a431-c22b6cb4d939', '2024-05-18 07:38:42',0,'ae4ab7c1-c3e6-4b15-971f-d8b32005854a'),
('b6d7cd1a-8873-4f14-b1ba-b35d52465c99', '2024-05-18 16:17:34',1,'ae4ab7c1-c3e6-4b15-971f-d8b32005854a'),
('ec5588c1-aa7c-40ac-871f-329ea20f1472', '2024-05-19 12:35:11',0,'ae4ab7c1-c3e6-4b15-971f-d8b32005854a'),
('de5de7cc-62cd-428d-9a19-31a75b32507c', '2024-05-19 18:14:43',1,'ae4ab7c1-c3e6-4b15-971f-d8b32005854a'),
('f5782e4d-3f65-4a5a-8439-07ba3a2827fd', '2024-05-20 11:33:06',0,'ae4ab7c1-c3e6-4b15-971f-d8b32005854a'),
('8f76366a-52f1-4c6c-b59b-07c27f1037d5', '2024-05-20 18:32:56',1,'ae4ab7c1-c3e6-4b15-971f-d8b32005854a'),
('7621881a-8b5e-40c0-be98-964521905c6c', '2024-05-21 10:25:03',0,'ae4ab7c1-c3e6-4b15-971f-d8b32005854a'),
('c743560b-a3c7-4172-b809-6dd5d92b87bf', '2024-05-21 14:11:47',1,'ae4ab7c1-c3e6-4b15-971f-d8b32005854a'),
('9a436ce7-b7cf-4027-9264-9e726be0cf4b', '2024-05-22 11:48:13',0,'ae4ab7c1-c3e6-4b15-971f-d8b32005854a'),
('1d27a697-88cc-4910-9eac-e068b6c1cf80', '2024-05-22 19:35:46',1,'ae4ab7c1-c3e6-4b15-971f-d8b32005854a'),
('8e6ca6dc-14ec-4a2c-999b-3f5b0d728e20', '2024-05-23 09:35:25',0,'ae4ab7c1-c3e6-4b15-971f-d8b32005854a'),
('efb3fd55-32d6-4ea1-acef-b76156d4735f', '2024-05-23 15:18:24',1,'ae4ab7c1-c3e6-4b15-971f-d8b32005854a'),
('f66ad45d-3216-468e-83a8-696a854d2cbe', '2024-05-24 11:30:38',0,'ae4ab7c1-c3e6-4b15-971f-d8b32005854a'),
('41e99fe0-058c-4f11-b6f5-8548871f5c0f', '2024-05-24 16:53:00',1,'ae4ab7c1-c3e6-4b15-971f-d8b32005854a'),
('14e168cf-a067-4d5a-af00-f995fcce966e', '2024-05-25 08:26:12',0,'ae4ab7c1-c3e6-4b15-971f-d8b32005854a'),
('87d64245-1379-4c3f-81bc-ad38e364e53f', '2024-05-25 18:10:19',1,'ae4ab7c1-c3e6-4b15-971f-d8b32005854a'),
('064d8310-5e3e-4b1d-bbe0-7f87bb2470d5', '2024-05-26 07:36:57',0,'ae4ab7c1-c3e6-4b15-971f-d8b32005854a'),
('bed0df90-f240-4688-9f88-56ab5c122976', '2024-05-26 16:24:52',1,'ae4ab7c1-c3e6-4b15-971f-d8b32005854a'),
('dd1ae3b9-b017-49b2-ad2c-b5c1b71c362b', '2024-05-27 09:30:50',0,'ae4ab7c1-c3e6-4b15-971f-d8b32005854a'),
('8ebe3691-0ba8-4810-9c89-0cb58aaca339', '2024-05-27 16:42:21',1,'ae4ab7c1-c3e6-4b15-971f-d8b32005854a'),
('a299ca3f-95b3-41af-92d8-3832b12fa70f', '2024-05-28 10:40:30',0,'ae4ab7c1-c3e6-4b15-971f-d8b32005854a'),
('865d2bdb-d191-4fd1-bafe-4389a73b74ad', '2024-05-28 16:48:22',1,'ae4ab7c1-c3e6-4b15-971f-d8b32005854a'),
('1b947d78-7324-4c95-bc86-17ca11075361', '2024-05-29 10:18:34',0,'ae4ab7c1-c3e6-4b15-971f-d8b32005854a'),
('a8060688-1011-4b30-a62c-5b4fc395ebd7', '2024-05-29 15:16:13',1,'ae4ab7c1-c3e6-4b15-971f-d8b32005854a'),
('fb4bb181-3c01-4be0-a2fc-f1df0f60310f', '2024-05-30 09:56:10',0,'ae4ab7c1-c3e6-4b15-971f-d8b32005854a'),
('f5c82390-2228-4db4-8495-64af96683e4e', '2024-05-30 14:31:17',1,'ae4ab7c1-c3e6-4b15-971f-d8b32005854a'),
('5facfca2-1f98-4b18-9974-6fee19c20bbb', '2024-06-01 11:19:08',0,'2c1f5946-03eb-4de4-b7c2-58d6d24dd1a3'),
('97a25680-20fe-442d-8764-408d95cf9837', '2024-06-01 15:28:47',1,'2c1f5946-03eb-4de4-b7c2-58d6d24dd1a3'),
('4d74e183-1e47-4da8-acc7-bc8e6584fdee', '2024-06-02 11:40:15',0,'2c1f5946-03eb-4de4-b7c2-58d6d24dd1a3'),
('d32aea80-803a-40bc-8c27-b36a4fc3c8e1', '2024-06-02 17:45:54',1,'2c1f5946-03eb-4de4-b7c2-58d6d24dd1a3'),
('1c48ea60-c5f0-4647-8310-4a4b8df0a21c', '2024-06-03 09:46:10',0,'2c1f5946-03eb-4de4-b7c2-58d6d24dd1a3'),
('624e8a7a-a3f8-4065-afbe-1b22c43e7a64', '2024-06-03 18:26:49',1,'2c1f5946-03eb-4de4-b7c2-58d6d24dd1a3'),
('d9f70e8f-28e7-4dcc-b641-42dda8fdb9ee', '2024-06-04 08:09:53',0,'2c1f5946-03eb-4de4-b7c2-58d6d24dd1a3'),
('dfa61302-2252-4bb4-b1b2-0efa569724df', '2024-06-04 19:24:27',1,'2c1f5946-03eb-4de4-b7c2-58d6d24dd1a3'),
('33069c06-9459-46f7-8c62-ac6cea3406e8', '2024-06-05 11:15:48',0,'2c1f5946-03eb-4de4-b7c2-58d6d24dd1a3'),
('7882af4c-44e1-4dba-960a-7f7de64e5903', '2024-06-05 19:19:45',1,'2c1f5946-03eb-4de4-b7c2-58d6d24dd1a3'),
('ddd413bc-2dc8-459b-a5d1-afbae8a7cf73', '2024-06-06 10:29:51',0,'2c1f5946-03eb-4de4-b7c2-58d6d24dd1a3'),
('0e3cbae9-db45-4673-a7ba-5ad1c40541d6', '2024-06-06 18:24:38',1,'2c1f5946-03eb-4de4-b7c2-58d6d24dd1a3'),
('94d929a8-84b6-4f98-8d07-a4d3666e6ed4', '2024-06-07 11:53:33',0,'2c1f5946-03eb-4de4-b7c2-58d6d24dd1a3'),
('29fe8cba-b9db-4fb1-8f3a-ea9b6c4e6576', '2024-06-07 16:22:31',1,'2c1f5946-03eb-4de4-b7c2-58d6d24dd1a3'),
('dd315934-4af8-4643-8f90-eea9494d650b', '2024-06-08 09:48:08',0,'2c1f5946-03eb-4de4-b7c2-58d6d24dd1a3'),
('87e52080-a403-42c7-9ccd-3a97c6dd38f4', '2024-06-08 17:09:04',1,'2c1f5946-03eb-4de4-b7c2-58d6d24dd1a3'),
('16d8706c-b1d1-4f34-a33a-25485b44acd4', '2024-06-09 11:31:29',0,'2c1f5946-03eb-4de4-b7c2-58d6d24dd1a3'),
('69bdfdd8-e810-4f4a-ac8a-d1dbf8bd85f5', '2024-06-09 17:43:29',1,'2c1f5946-03eb-4de4-b7c2-58d6d24dd1a3'),
('76151290-7ce9-4287-a9d8-a02f7686e3f2', '2024-06-10 11:28:54',0,'2c1f5946-03eb-4de4-b7c2-58d6d24dd1a3'),
('36be61ce-c203-4cd8-a733-755736f735a4', '2024-06-10 19:35:05',1,'2c1f5946-03eb-4de4-b7c2-58d6d24dd1a3'),
('ab64cd7d-abe3-40b8-955a-9929a2fcdd03', '2024-06-11 12:44:19',0,'2c1f5946-03eb-4de4-b7c2-58d6d24dd1a3'),
('4566949b-b07b-47b7-b9f2-19a75f5b8f25', '2024-06-11 17:09:53',1,'2c1f5946-03eb-4de4-b7c2-58d6d24dd1a3'),
('c69e38b9-b119-4444-9c23-fb69193283ed', '2024-06-12 07:45:10',0,'2c1f5946-03eb-4de4-b7c2-58d6d24dd1a3'),
('b5b18d01-9b9a-4b86-bdf2-6cb25cb91a79', '2024-06-12 18:45:34',1,'2c1f5946-03eb-4de4-b7c2-58d6d24dd1a3'),
('9d07387a-9fc3-4d07-8403-db137e52bbf5', '2024-06-13 07:05:01',0,'2c1f5946-03eb-4de4-b7c2-58d6d24dd1a3'),
('e33741a2-f1df-4064-bee4-8d8f8cf1e6f3', '2024-06-13 18:12:18',1,'2c1f5946-03eb-4de4-b7c2-58d6d24dd1a3'),
('b198739f-3576-4781-800d-59a2d4e9e799', '2024-06-14 07:51:19',0,'2c1f5946-03eb-4de4-b7c2-58d6d24dd1a3'),
('6ba95a6e-4df5-4036-91fe-9477ebb8d3c5', '2024-06-14 19:54:59',1,'2c1f5946-03eb-4de4-b7c2-58d6d24dd1a3'),
('0b467aff-5f1b-4039-aef2-0be316367fa1', '2024-06-15 11:33:43',0,'2c1f5946-03eb-4de4-b7c2-58d6d24dd1a3'),
('b1677d24-3852-4a2f-8879-aa1e4e1dd5b8', '2024-06-15 17:39:20',1,'2c1f5946-03eb-4de4-b7c2-58d6d24dd1a3'),
('3fac7480-2a21-45e6-b483-06365e350041', '2024-06-16 08:22:56',0,'2c1f5946-03eb-4de4-b7c2-58d6d24dd1a3'),
('505aee4f-7431-4a8b-8898-bb067ddfbbd8', '2024-06-16 19:24:07',1,'2c1f5946-03eb-4de4-b7c2-58d6d24dd1a3'),
('a0997147-0327-4817-a0cd-4fc7f56785d6', '2024-06-17 09:54:08',0,'2c1f5946-03eb-4de4-b7c2-58d6d24dd1a3'),
('d49ddd83-2399-4ef9-9279-cb1dd01d749d', '2024-06-17 19:40:30',1,'2c1f5946-03eb-4de4-b7c2-58d6d24dd1a3'),
('94fefadd-f335-4be6-b12b-ece0f4846d43', '2024-06-18 11:21:04',0,'2c1f5946-03eb-4de4-b7c2-58d6d24dd1a3'),
('18823741-05a2-4ae9-b4e3-1f59427d3582', '2024-06-18 17:46:02',1,'2c1f5946-03eb-4de4-b7c2-58d6d24dd1a3'),
('5be6057e-7142-4cc7-bcec-f330f60135e6', '2024-06-19 09:34:01',0,'2c1f5946-03eb-4de4-b7c2-58d6d24dd1a3'),
('7b8e3f8d-f2cb-4e2a-bdc6-731ece36b94c', '2024-06-19 15:27:42',1,'2c1f5946-03eb-4de4-b7c2-58d6d24dd1a3'),
('8ccc01a2-673d-41a7-81eb-fd56335bb001', '2024-06-20 12:35:49',0,'2c1f5946-03eb-4de4-b7c2-58d6d24dd1a3'),
('17b78ad0-6ab3-44d8-a118-49c9bcc3ccea', '2024-06-20 19:37:38',1,'2c1f5946-03eb-4de4-b7c2-58d6d24dd1a3'),
('529248fb-a0c2-4130-be91-0d2e10dbae58', '2024-06-21 10:55:39',0,'2c1f5946-03eb-4de4-b7c2-58d6d24dd1a3'),
('17b3206d-6af8-4f7c-b496-4fc3cc0e1991', '2024-06-21 19:17:40',1,'2c1f5946-03eb-4de4-b7c2-58d6d24dd1a3'),
('b45edf9b-1fd3-426a-865a-42fec038cc26', '2024-06-22 07:15:54',0,'2c1f5946-03eb-4de4-b7c2-58d6d24dd1a3'),
('49fa72c4-f1ca-4d18-8875-a0c84147f5c8', '2024-06-22 18:04:09',1,'2c1f5946-03eb-4de4-b7c2-58d6d24dd1a3'),
('3a2d05c6-7555-42dd-b918-340e929aedeb', '2024-06-23 10:09:28',0,'2c1f5946-03eb-4de4-b7c2-58d6d24dd1a3'),
('d0d225f4-9cd1-4036-9d2b-9f05635c7f21', '2024-06-23 19:24:48',1,'2c1f5946-03eb-4de4-b7c2-58d6d24dd1a3'),
('5f2f5e0d-1fcd-477f-ba72-6d0321f74352', '2024-06-24 07:38:23',0,'2c1f5946-03eb-4de4-b7c2-58d6d24dd1a3'),
('db9e4af8-e7b4-4182-9535-69e14e0e04ea', '2024-06-24 18:57:22',1,'2c1f5946-03eb-4de4-b7c2-58d6d24dd1a3'),
('81be31fe-f1ca-450a-8a30-5e7862b6f882', '2024-06-25 08:31:47',0,'2c1f5946-03eb-4de4-b7c2-58d6d24dd1a3'),
('c3cb0d9b-4410-49ea-bb06-e6f517507315', '2024-06-25 18:37:38',1,'2c1f5946-03eb-4de4-b7c2-58d6d24dd1a3'),
('469c11b4-3d2d-4621-b288-708bbdac0e3a', '2024-06-26 09:31:28',0,'2c1f5946-03eb-4de4-b7c2-58d6d24dd1a3'),
('db6488b1-171d-4ed9-9963-4542e0ac3a99', '2024-06-26 16:43:03',1,'2c1f5946-03eb-4de4-b7c2-58d6d24dd1a3'),
('77e98b60-ccd5-4e42-aefd-9bc37e1a873d', '2024-06-27 10:29:33',0,'2c1f5946-03eb-4de4-b7c2-58d6d24dd1a3'),
('b91b47ef-715c-440e-bc50-4570f40de251', '2024-06-27 15:18:04',1,'2c1f5946-03eb-4de4-b7c2-58d6d24dd1a3'),
('c929ae3a-fa10-41f9-b9b0-2d88fe8bf308', '2024-06-28 12:43:28',0,'2c1f5946-03eb-4de4-b7c2-58d6d24dd1a3'),
('a8392df5-71b5-4e20-bd96-c159f47685b2', '2024-06-28 15:25:12',1,'2c1f5946-03eb-4de4-b7c2-58d6d24dd1a3'),
('2572353c-d2b6-4f44-ad9a-39a446a3f68d', '2024-06-29 12:25:00',0,'2c1f5946-03eb-4de4-b7c2-58d6d24dd1a3'),
('eab60ad6-726e-43ab-bf48-9c3af2beb2ba', '2024-06-29 14:38:51',1,'2c1f5946-03eb-4de4-b7c2-58d6d24dd1a3'),
('9e7281d0-4f6f-4017-8eee-d7f2dc55f5a3', '2024-06-30 08:51:23',0,'2c1f5946-03eb-4de4-b7c2-58d6d24dd1a3'),
('961c3c1e-3f83-405e-8444-e1caa5e38737', '2024-06-30 16:54:11',1,'2c1f5946-03eb-4de4-b7c2-58d6d24dd1a3'),
('ebaac159-51ca-4f7f-a739-2ed9f232257a', '2024-07-01 08:20:55',0,'ed7c3aa0-1b32-4a08-8391-c82eac9a9f6c'),
('94ab2d8d-f241-4171-9526-b6c8a561d40c', '2024-07-01 18:39:22',1,'ed7c3aa0-1b32-4a08-8391-c82eac9a9f6c'),
('3a0e6b90-d22c-4a94-b823-9c68ac6b0a3c', '2024-07-02 09:19:51',0,'ed7c3aa0-1b32-4a08-8391-c82eac9a9f6c'),
('f5173de0-7494-4ec8-9324-5a29fbaab83b', '2024-07-02 18:08:28',1,'ed7c3aa0-1b32-4a08-8391-c82eac9a9f6c'),
('c6a608c5-efa1-4550-ad90-096262a1f27b', '2024-07-03 09:25:23',0,'ed7c3aa0-1b32-4a08-8391-c82eac9a9f6c'),
('3c1a30a9-b518-4c9f-ad04-2737d3f1102c', '2024-07-03 18:22:57',1,'ed7c3aa0-1b32-4a08-8391-c82eac9a9f6c'),
('865367d1-55d6-4e80-8986-57709a00f3f6', '2024-07-04 10:37:57',0,'ed7c3aa0-1b32-4a08-8391-c82eac9a9f6c'),
('8de6f46f-04ce-4420-b25c-6b371f330789', '2024-07-04 17:12:56',1,'ed7c3aa0-1b32-4a08-8391-c82eac9a9f6c'),
('c05d40ec-cfab-4e0a-957c-c5c5b3243b38', '2024-07-05 11:42:45',0,'ed7c3aa0-1b32-4a08-8391-c82eac9a9f6c'),
('ea862353-a9fc-4337-a4b5-bc3df33649ae', '2024-07-05 18:55:06',1,'ed7c3aa0-1b32-4a08-8391-c82eac9a9f6c'),
('26a3959a-8494-418f-ad73-b8c98b803d27', '2024-07-06 10:16:02',0,'ed7c3aa0-1b32-4a08-8391-c82eac9a9f6c'),
('756ccbe3-90d8-46cd-a6ab-e198b7edb4d2', '2024-07-06 16:43:58',1,'ed7c3aa0-1b32-4a08-8391-c82eac9a9f6c'),
('72c3b9ea-b7e8-4382-9177-15b1e5f2c870', '2024-07-07 07:43:05',0,'ed7c3aa0-1b32-4a08-8391-c82eac9a9f6c'),
('59549c63-90a9-4a2a-9af8-fe135a5689f7', '2024-07-07 16:13:30',1,'ed7c3aa0-1b32-4a08-8391-c82eac9a9f6c'),
('eba0266a-aad8-4f23-b509-34a0f26c9b18', '2024-07-08 10:51:47',0,'ed7c3aa0-1b32-4a08-8391-c82eac9a9f6c'),
('a00f9c9b-84fe-4d7f-bcef-fd32629aea0c', '2024-07-08 19:59:21',1,'ed7c3aa0-1b32-4a08-8391-c82eac9a9f6c'),
('92251524-e3f7-4a44-8214-fc1dbb5aa809', '2024-07-09 10:59:59',0,'ed7c3aa0-1b32-4a08-8391-c82eac9a9f6c'),
('40696357-96f6-4d58-9863-805dadedf27f', '2024-07-09 16:02:59',1,'ed7c3aa0-1b32-4a08-8391-c82eac9a9f6c'),
('091423f9-1c5d-4c00-a0b3-606d386c10b3', '2024-07-10 08:18:02',0,'ed7c3aa0-1b32-4a08-8391-c82eac9a9f6c'),
('256488ef-2d42-499f-8919-29d03316154a', '2024-07-10 19:01:13',1,'ed7c3aa0-1b32-4a08-8391-c82eac9a9f6c'),
('2d54376c-0960-4498-8e45-25af05e2937f', '2024-07-11 09:20:47',0,'ed7c3aa0-1b32-4a08-8391-c82eac9a9f6c'),
('13e24198-c3ae-4f08-a490-ea8c56f80a9a', '2024-07-11 16:31:49',1,'ed7c3aa0-1b32-4a08-8391-c82eac9a9f6c'),
('5b3d4718-eae2-4c70-b8f8-48dd02309534', '2024-07-12 09:47:18',0,'ed7c3aa0-1b32-4a08-8391-c82eac9a9f6c'),
('c44be079-140b-4799-b9f6-7b87408918cf', '2024-07-12 19:22:16',1,'ed7c3aa0-1b32-4a08-8391-c82eac9a9f6c'),
('a04cc013-6425-4798-bd1c-2479b440fcc0', '2024-07-13 11:28:42',0,'ed7c3aa0-1b32-4a08-8391-c82eac9a9f6c'),
('2fcc46cb-ab88-4854-9a8c-6a0af672da26', '2024-07-13 17:57:23',1,'ed7c3aa0-1b32-4a08-8391-c82eac9a9f6c'),
('bd32de5e-649e-45cf-8e7f-fff69a1d5dce', '2024-07-14 07:17:54',0,'ed7c3aa0-1b32-4a08-8391-c82eac9a9f6c'),
('befbada2-a452-4e52-b18d-d9cc0acfa3a8', '2024-07-14 15:57:05',1,'ed7c3aa0-1b32-4a08-8391-c82eac9a9f6c'),
('52d5afe8-82f2-448f-98e1-0af334550317', '2024-07-15 11:11:20',0,'ed7c3aa0-1b32-4a08-8391-c82eac9a9f6c'),
('29b6b3b7-351d-4edc-9841-94ca91804091', '2024-07-15 14:07:13',1,'ed7c3aa0-1b32-4a08-8391-c82eac9a9f6c'),
('4854e532-332c-429b-b051-89b8c1d5e2e7', '2024-07-16 09:15:08',0,'ed7c3aa0-1b32-4a08-8391-c82eac9a9f6c'),
('2651e506-0983-4f26-9227-742f3ebddd5e', '2024-07-16 15:16:38',1,'ed7c3aa0-1b32-4a08-8391-c82eac9a9f6c'),
('1d6893c0-436e-4962-b0d6-d7d07cf172d8', '2024-07-17 08:49:00',0,'ed7c3aa0-1b32-4a08-8391-c82eac9a9f6c'),
('67444248-dbad-4bbb-a2c8-f472c1260bce', '2024-07-17 19:57:20',1,'ed7c3aa0-1b32-4a08-8391-c82eac9a9f6c'),
('0c306188-b557-4182-96c9-407afd88e650', '2024-07-18 11:29:57',0,'ed7c3aa0-1b32-4a08-8391-c82eac9a9f6c'),
('b770ea33-dbca-4405-b34b-cd17e653d1c7', '2024-07-18 14:43:24',1,'ed7c3aa0-1b32-4a08-8391-c82eac9a9f6c'),
('ad4e26d3-7ae3-4fba-aaa6-c744860966f4', '2024-07-19 10:29:10',0,'ed7c3aa0-1b32-4a08-8391-c82eac9a9f6c'),
('74cd098a-11eb-4613-ad69-c4dc009307fc', '2024-07-19 18:56:59',1,'ed7c3aa0-1b32-4a08-8391-c82eac9a9f6c'),
('945239d4-46b0-46f1-be2c-882a85e4ced3', '2024-07-20 12:25:21',0,'ed7c3aa0-1b32-4a08-8391-c82eac9a9f6c'),
('5647e0cf-7afb-4bca-b6dd-0cad4174ece1', '2024-07-20 18:11:08',1,'ed7c3aa0-1b32-4a08-8391-c82eac9a9f6c'),
('1ec0e638-495b-4e46-9deb-3acbf1c63930', '2024-07-21 07:14:21',0,'ed7c3aa0-1b32-4a08-8391-c82eac9a9f6c'),
('c17dbe7e-5ed1-42e2-a6c3-ae3c6e80ca2c', '2024-07-21 14:48:52',1,'ed7c3aa0-1b32-4a08-8391-c82eac9a9f6c'),
('fe08fabd-7010-480c-bf45-01d9c8f9954b', '2024-07-22 11:03:35',0,'ed7c3aa0-1b32-4a08-8391-c82eac9a9f6c'),
('762aca96-1561-450b-8644-aee369544aa4', '2024-07-22 18:08:59',1,'ed7c3aa0-1b32-4a08-8391-c82eac9a9f6c'),
('aefccdc9-c120-4a89-92cb-c28dfa46cc57', '2024-07-23 08:26:10',0,'ed7c3aa0-1b32-4a08-8391-c82eac9a9f6c'),
('bb08bcfb-0212-47b7-b529-42a7991b06c8', '2024-07-23 18:47:31',1,'ed7c3aa0-1b32-4a08-8391-c82eac9a9f6c'),
('abade009-37c9-48fa-8735-fb4dd92df083', '2024-07-24 07:22:15',0,'ed7c3aa0-1b32-4a08-8391-c82eac9a9f6c'),
('f1d3f618-adff-44d2-82ec-95bd8ac8407e', '2024-07-24 17:10:14',1,'ed7c3aa0-1b32-4a08-8391-c82eac9a9f6c'),
('03f54d2c-22ce-48a4-b02f-087753c85bc1', '2024-07-25 11:25:22',0,'ed7c3aa0-1b32-4a08-8391-c82eac9a9f6c'),
('13996edc-15d5-4a1e-ae57-19367b5ce393', '2024-07-25 18:23:47',1,'ed7c3aa0-1b32-4a08-8391-c82eac9a9f6c'),
('d4f56406-df60-4d07-9bf7-491768dff706', '2024-07-26 11:20:09',0,'ed7c3aa0-1b32-4a08-8391-c82eac9a9f6c'),
('e59e992b-21d0-4d26-8c53-dcd12a72ece5', '2024-07-26 14:14:00',1,'ed7c3aa0-1b32-4a08-8391-c82eac9a9f6c'),
('adc0c300-8feb-4ada-80e2-d1e9d06c0a84', '2024-07-27 08:41:28',0,'ed7c3aa0-1b32-4a08-8391-c82eac9a9f6c'),
('4e12cf80-de08-4dc2-b27a-d759605f4243', '2024-07-27 19:54:41',1,'ed7c3aa0-1b32-4a08-8391-c82eac9a9f6c'),
('28559594-e945-4e66-9f9b-0823d6aaca14', '2024-07-28 11:37:46',0,'ed7c3aa0-1b32-4a08-8391-c82eac9a9f6c'),
('0d4b26cc-58e3-4f95-b106-7baf18d2e2c8', '2024-07-28 14:56:26',1,'ed7c3aa0-1b32-4a08-8391-c82eac9a9f6c'),
('1d75dfd9-23a5-481b-b4f9-17ab06180e27', '2024-07-29 10:12:17',0,'ed7c3aa0-1b32-4a08-8391-c82eac9a9f6c'),
('1b2774e8-05b0-4152-9d29-439605caa527', '2024-07-29 17:31:19',1,'ed7c3aa0-1b32-4a08-8391-c82eac9a9f6c'),
('48358fa3-3123-4476-81b5-614af87d56a6', '2024-07-30 10:21:39',0,'ed7c3aa0-1b32-4a08-8391-c82eac9a9f6c'),
('fd4706a6-a952-4ff4-8216-fef515f7e7bb', '2024-07-30 16:30:30',1,'ed7c3aa0-1b32-4a08-8391-c82eac9a9f6c'),
('50314cfb-b4a9-4c2c-95df-baed5009ea85', '2024-08-01 09:07:36',0,'fb7bc4c7-d25f-4f9f-a3b0-ae18b28559bc'),
('9bdbf8d0-052e-4668-9819-16439e9f5a94', '2024-08-01 16:25:55',1,'fb7bc4c7-d25f-4f9f-a3b0-ae18b28559bc'),
('aec06bf0-afeb-40cd-a260-dd55ae3d0a08', '2024-08-02 12:07:21',0,'fb7bc4c7-d25f-4f9f-a3b0-ae18b28559bc'),
('eba3c49d-3abf-468f-8451-e27e8a536158', '2024-08-02 15:31:12',1,'fb7bc4c7-d25f-4f9f-a3b0-ae18b28559bc'),
('6f0b661c-40a2-41bf-9447-70543caccbe5', '2024-08-03 11:30:00',0,'fb7bc4c7-d25f-4f9f-a3b0-ae18b28559bc'),
('37cfd9be-188f-4c85-b7e9-28a8ea249739', '2024-08-03 15:56:34',1,'fb7bc4c7-d25f-4f9f-a3b0-ae18b28559bc'),
('79cfaaa1-152d-420d-9041-6ac6a94ef47b', '2024-08-04 07:22:32',0,'fb7bc4c7-d25f-4f9f-a3b0-ae18b28559bc'),
('f5183d03-ddda-4749-b0f5-789bf1e8cc87', '2024-08-04 15:46:33',1,'fb7bc4c7-d25f-4f9f-a3b0-ae18b28559bc'),
('6e7bad43-a9b7-4899-9c91-2478b7502dd4', '2024-08-05 10:57:21',0,'fb7bc4c7-d25f-4f9f-a3b0-ae18b28559bc'),
('0de30d8c-44ed-43d4-9c9c-d4dd75f0f9c6', '2024-08-05 18:40:00',1,'fb7bc4c7-d25f-4f9f-a3b0-ae18b28559bc'),
('424ba409-85d7-4f9e-a627-7339da044339', '2024-08-06 08:32:36',0,'fb7bc4c7-d25f-4f9f-a3b0-ae18b28559bc'),
('fa1d9e12-392e-4201-abbe-346f10719d4f', '2024-08-06 19:42:29',1,'fb7bc4c7-d25f-4f9f-a3b0-ae18b28559bc'),
('1301e9da-b378-4910-a7b8-4246a06b764e', '2024-08-07 09:58:39',0,'fb7bc4c7-d25f-4f9f-a3b0-ae18b28559bc'),
('9ceefd41-0287-49fc-b9ef-f5694aed8b50', '2024-08-07 18:30:41',1,'fb7bc4c7-d25f-4f9f-a3b0-ae18b28559bc'),
('1454b80d-d040-4237-a362-bf50c2dc0e30', '2024-08-08 10:26:06',0,'fb7bc4c7-d25f-4f9f-a3b0-ae18b28559bc'),
('8a12b956-6353-4b49-9e8d-0987084f9b80', '2024-08-08 18:43:46',1,'fb7bc4c7-d25f-4f9f-a3b0-ae18b28559bc'),
('52daf249-83f3-4902-9bf3-4d7dbcebdf8e', '2024-08-09 08:53:49',0,'fb7bc4c7-d25f-4f9f-a3b0-ae18b28559bc'),
('69d37eda-150b-4380-a5e6-76fb79221f13', '2024-08-09 19:34:17',1,'fb7bc4c7-d25f-4f9f-a3b0-ae18b28559bc'),
('c2401c16-9c79-4e8a-98ca-ae8d934e67fd', '2024-08-10 10:19:25',0,'fb7bc4c7-d25f-4f9f-a3b0-ae18b28559bc'),
('310e37d9-b5a7-4607-a274-a777c47aac6b', '2024-08-10 18:24:47',1,'fb7bc4c7-d25f-4f9f-a3b0-ae18b28559bc'),
('d0888154-8b93-4d85-a771-3a87fad4f49b', '2024-08-11 10:46:29',0,'fb7bc4c7-d25f-4f9f-a3b0-ae18b28559bc'),
('feed936a-1b72-4694-b686-be887f0371c1', '2024-08-11 16:35:41',1,'fb7bc4c7-d25f-4f9f-a3b0-ae18b28559bc'),
('30ca7d79-187b-483b-9694-243e1a7498ec', '2024-08-12 07:07:23',0,'fb7bc4c7-d25f-4f9f-a3b0-ae18b28559bc'),
('988d2bb3-62ff-4077-8e29-ef644b08474f', '2024-08-12 19:32:32',1,'fb7bc4c7-d25f-4f9f-a3b0-ae18b28559bc'),
('f2d4a847-5018-4331-9e09-9f9a9846f8db', '2024-08-13 09:08:18',0,'fb7bc4c7-d25f-4f9f-a3b0-ae18b28559bc'),
('6d518075-d743-48fa-974f-3eac6aa82d59', '2024-08-13 16:54:59',1,'fb7bc4c7-d25f-4f9f-a3b0-ae18b28559bc'),
('30eb805c-bc62-4b82-b6f8-6ef68a13a7d0', '2024-08-14 07:32:31',0,'fb7bc4c7-d25f-4f9f-a3b0-ae18b28559bc'),
('90b1583c-4f13-40bd-9591-8c7c9785f52b', '2024-08-14 18:20:19',1,'fb7bc4c7-d25f-4f9f-a3b0-ae18b28559bc'),
('6d816f3d-b3ff-4c33-a2af-cc5e8348b721', '2024-08-15 12:35:52',0,'fb7bc4c7-d25f-4f9f-a3b0-ae18b28559bc'),
('da92ae22-1255-4df4-b522-cca4d0939b08', '2024-08-15 16:27:56',1,'fb7bc4c7-d25f-4f9f-a3b0-ae18b28559bc'),
('9620372c-807b-4cd5-b1b3-a0b584586dd1', '2024-08-16 10:46:30',0,'fb7bc4c7-d25f-4f9f-a3b0-ae18b28559bc'),
('89a74b8e-a675-4164-ad65-91292702ce88', '2024-08-16 17:42:50',1,'fb7bc4c7-d25f-4f9f-a3b0-ae18b28559bc'),
('2691d63e-349c-4b2c-a3bc-037f1cb94e24', '2024-08-17 12:12:49',0,'fb7bc4c7-d25f-4f9f-a3b0-ae18b28559bc'),
('ad4973ef-ed58-4e97-8d3f-667d3859261a', '2024-08-17 18:54:05',1,'fb7bc4c7-d25f-4f9f-a3b0-ae18b28559bc'),
('c4297af1-03b2-4c98-9050-923be5049e10', '2024-08-18 09:28:51',0,'fb7bc4c7-d25f-4f9f-a3b0-ae18b28559bc'),
('dd970458-efe3-4fcf-bc9f-fe2afaf7ba5d', '2024-08-18 17:31:08',1,'fb7bc4c7-d25f-4f9f-a3b0-ae18b28559bc'),
('53eee08b-4ef7-4da4-9310-a56c07e82869', '2024-08-19 08:57:29',0,'fb7bc4c7-d25f-4f9f-a3b0-ae18b28559bc'),
('225eafe2-0f84-40f9-84b8-fe6e5ce943e2', '2024-08-19 17:09:43',1,'fb7bc4c7-d25f-4f9f-a3b0-ae18b28559bc'),
('f25e6a4a-f2b8-43eb-b9ca-87417f3a06dc', '2024-08-20 12:27:37',0,'fb7bc4c7-d25f-4f9f-a3b0-ae18b28559bc'),
('8d455954-d8f9-439b-bb68-cfd25454bf6d', '2024-08-20 17:15:50',1,'fb7bc4c7-d25f-4f9f-a3b0-ae18b28559bc'),
('880549c7-3ab6-41a4-923b-c76e1111ec23', '2024-08-21 10:14:14',0,'fb7bc4c7-d25f-4f9f-a3b0-ae18b28559bc'),
('dda3b619-ad31-4a3f-b4d5-43119445cf80', '2024-08-21 14:39:12',1,'fb7bc4c7-d25f-4f9f-a3b0-ae18b28559bc'),
('1bef9289-bedb-4138-bd4b-993686c238eb', '2024-08-22 07:10:46',0,'fb7bc4c7-d25f-4f9f-a3b0-ae18b28559bc'),
('74be220a-d91b-441a-b307-345094d225e7', '2024-08-22 15:06:33',1,'fb7bc4c7-d25f-4f9f-a3b0-ae18b28559bc'),
('ae23b5fa-d52c-44dd-a6f0-4fc4f3477d83', '2024-08-23 07:39:46',0,'fb7bc4c7-d25f-4f9f-a3b0-ae18b28559bc'),
('f9eeeff9-7a5e-4b32-a65b-06703293d211', '2024-08-23 16:11:01',1,'fb7bc4c7-d25f-4f9f-a3b0-ae18b28559bc'),
('803aab70-aae1-4cf6-b805-13881d8e97d7', '2024-08-24 12:00:49',0,'fb7bc4c7-d25f-4f9f-a3b0-ae18b28559bc'),
('eb9c29e1-966e-46aa-a5f8-54484c71e5f4', '2024-08-24 18:32:14',1,'fb7bc4c7-d25f-4f9f-a3b0-ae18b28559bc'),
('e279ed3e-506d-46ea-869b-ff81ea0f5dab', '2024-08-25 12:07:22',0,'fb7bc4c7-d25f-4f9f-a3b0-ae18b28559bc'),
('0506656f-f214-41c5-90d2-e4fb4c347458', '2024-08-25 16:04:25',1,'fb7bc4c7-d25f-4f9f-a3b0-ae18b28559bc'),
('24e8f094-46f0-4c6b-a1ef-f70da29243c4', '2024-08-26 11:15:05',0,'fb7bc4c7-d25f-4f9f-a3b0-ae18b28559bc'),
('2c69ab8f-ea6a-4566-8e7a-05b0fea77139', '2024-08-26 17:46:54',1,'fb7bc4c7-d25f-4f9f-a3b0-ae18b28559bc'),
('01a1c197-bfc3-41db-95f3-79184c48bb5f', '2024-08-27 11:06:04',0,'fb7bc4c7-d25f-4f9f-a3b0-ae18b28559bc'),
('a8b7c613-b3a2-4aac-8ce6-a773bb96676c', '2024-08-27 17:42:21',1,'fb7bc4c7-d25f-4f9f-a3b0-ae18b28559bc'),
('68b1aa48-bc27-421c-9866-422c788faf44', '2024-08-28 12:53:09',0,'fb7bc4c7-d25f-4f9f-a3b0-ae18b28559bc'),
('8160b0da-b3fc-49b0-b799-5c15a5fea346', '2024-08-28 16:55:15',1,'fb7bc4c7-d25f-4f9f-a3b0-ae18b28559bc'),
('452769f6-b70e-4f86-9de5-55224245cc57', '2024-08-29 11:18:18',0,'fb7bc4c7-d25f-4f9f-a3b0-ae18b28559bc'),
('1b183920-4f3a-4eb9-b208-2373605e5858', '2024-08-29 15:11:29',1,'fb7bc4c7-d25f-4f9f-a3b0-ae18b28559bc'),
('d6769f98-7d5c-4114-914b-eeb8ba337faf', '2024-08-30 09:25:26',0,'fb7bc4c7-d25f-4f9f-a3b0-ae18b28559bc'),
('2bf6c6fa-2e56-4afd-9926-2afca678fe60', '2024-08-30 14:06:08',1,'fb7bc4c7-d25f-4f9f-a3b0-ae18b28559bc'),
('0e2d9e5b-32e4-457c-95b3-76a803fc6e50', '2024-09-01 08:17:58',0,'c2d8d98b-eb9a-485b-94de-79a5a0ee4605'),
('19cb437b-711d-4b7b-abe1-c72ba55c58cc', '2024-09-01 17:37:14',1,'c2d8d98b-eb9a-485b-94de-79a5a0ee4605'),
('2708064b-bc9d-434b-a463-f618590fee1c', '2024-09-02 09:59:40',0,'c2d8d98b-eb9a-485b-94de-79a5a0ee4605'),
('9f7eb7d6-3c89-4d15-9d00-05a800da1f02', '2024-09-02 17:54:57',1,'c2d8d98b-eb9a-485b-94de-79a5a0ee4605'),
('0d28c82e-92ee-4455-9769-3c2123aad06f', '2024-09-03 07:35:26',0,'c2d8d98b-eb9a-485b-94de-79a5a0ee4605'),
('4502aa8b-e185-4ba4-a058-59fa887d5664', '2024-09-03 16:54:19',1,'c2d8d98b-eb9a-485b-94de-79a5a0ee4605'),
('bb855c67-e639-40cf-8b9d-3428f8d1bdd6', '2024-09-04 10:30:40',0,'c2d8d98b-eb9a-485b-94de-79a5a0ee4605'),
('4943aab4-0145-40af-8eb1-e3fd77afd3d3', '2024-09-04 19:57:04',1,'c2d8d98b-eb9a-485b-94de-79a5a0ee4605'),
('e2460840-2931-4cf1-ad30-2f41702e052f', '2024-09-05 08:41:37',0,'c2d8d98b-eb9a-485b-94de-79a5a0ee4605'),
('42237b38-cf65-430c-b889-a6727193a7b5', '2024-09-05 14:46:28',1,'c2d8d98b-eb9a-485b-94de-79a5a0ee4605'),
('782f9d51-d694-499f-898d-3fd9a64f6dd1', '2024-09-06 11:16:03',0,'c2d8d98b-eb9a-485b-94de-79a5a0ee4605'),
('79cbc26f-d2bf-4371-a74f-44819197bd93', '2024-09-06 17:11:24',1,'c2d8d98b-eb9a-485b-94de-79a5a0ee4605'),
('c96fdd65-f6ca-4e4d-9504-181d630090d5', '2024-09-07 12:44:40',0,'c2d8d98b-eb9a-485b-94de-79a5a0ee4605'),
('3c9e2337-b84f-4924-85f1-c3cca5d93d2f', '2024-09-07 16:40:48',1,'c2d8d98b-eb9a-485b-94de-79a5a0ee4605'),
('b1c587be-0122-4201-80cd-53ff29a27aeb', '2024-09-08 07:32:00',0,'c2d8d98b-eb9a-485b-94de-79a5a0ee4605'),
('f1a764da-72b5-44cc-bf6a-2b7e8b32d916', '2024-09-08 19:38:19',1,'c2d8d98b-eb9a-485b-94de-79a5a0ee4605'),
('e5f33d2d-09a6-4e18-b641-b5e0c7322378', '2024-09-09 08:24:22',0,'c2d8d98b-eb9a-485b-94de-79a5a0ee4605'),
('1fe9ea4c-2ab8-42ea-8000-4e7e0d528e16', '2024-09-09 19:53:11',1,'c2d8d98b-eb9a-485b-94de-79a5a0ee4605'),
('4ecb6975-48b0-42d7-912e-0b6bc195aa3c', '2024-09-10 12:04:41',0,'c2d8d98b-eb9a-485b-94de-79a5a0ee4605'),
('7e25ce43-d07a-4cc1-9d80-7a00f742ef47', '2024-09-10 16:51:07',1,'c2d8d98b-eb9a-485b-94de-79a5a0ee4605'),
('58ef0d8e-cf95-4b67-8c3d-1b5da8831d31', '2024-09-11 08:45:27',0,'c2d8d98b-eb9a-485b-94de-79a5a0ee4605'),
('998425ba-604b-4f23-ad75-62c41a5b72f8', '2024-09-11 17:27:00',1,'c2d8d98b-eb9a-485b-94de-79a5a0ee4605'),
('9bf82a08-63e6-4b53-8968-eb5e83a3d02a', '2024-09-12 10:29:39',0,'c2d8d98b-eb9a-485b-94de-79a5a0ee4605'),
('16ea1eba-d994-4322-a5e5-36b7590a9862', '2024-09-12 17:27:41',1,'c2d8d98b-eb9a-485b-94de-79a5a0ee4605'),
('3afb890d-e584-4749-bf1a-16fa55d41499', '2024-09-13 10:05:59',0,'c2d8d98b-eb9a-485b-94de-79a5a0ee4605'),
('11b8ef3c-fe3c-45aa-a1d6-b4f82a57bb24', '2024-09-13 15:53:14',1,'c2d8d98b-eb9a-485b-94de-79a5a0ee4605'),
('df944ca5-6368-424b-b21c-faa9115ad330', '2024-09-14 11:05:51',0,'c2d8d98b-eb9a-485b-94de-79a5a0ee4605'),
('f7524d73-63eb-4845-92cd-6c627837a0e8', '2024-09-14 14:08:16',1,'c2d8d98b-eb9a-485b-94de-79a5a0ee4605'),
('1523c3c2-09e5-445f-aa1a-82ada9439466', '2024-09-15 07:50:08',0,'c2d8d98b-eb9a-485b-94de-79a5a0ee4605'),
('715f6c2b-b586-4b5d-98ee-d5ce05593d71', '2024-09-15 16:16:08',1,'c2d8d98b-eb9a-485b-94de-79a5a0ee4605'),
('67a7d45f-e661-4e69-991f-f5ea92b07da5', '2024-09-16 12:43:14',0,'c2d8d98b-eb9a-485b-94de-79a5a0ee4605'),
('a315bcf7-5016-4ea9-ba10-8d07e6e61666', '2024-09-16 17:27:13',1,'c2d8d98b-eb9a-485b-94de-79a5a0ee4605'),
('02b80726-be52-4cb1-8eb5-df8447d491a0', '2024-09-17 07:00:27',0,'c2d8d98b-eb9a-485b-94de-79a5a0ee4605'),
('47ce4962-03b3-412d-84d5-b5099ad95a83', '2024-09-17 16:33:12',1,'c2d8d98b-eb9a-485b-94de-79a5a0ee4605'),
('7c31fb7f-4002-4865-9a32-cb96034bb411', '2024-09-18 10:50:09',0,'c2d8d98b-eb9a-485b-94de-79a5a0ee4605'),
('a21277a2-8b90-4704-b159-4208d5d22bad', '2024-09-18 16:07:32',1,'c2d8d98b-eb9a-485b-94de-79a5a0ee4605'),
('d0a92fdb-6804-407e-a71d-790cd0bc8505', '2024-09-19 09:43:08',0,'c2d8d98b-eb9a-485b-94de-79a5a0ee4605'),
('bf9ea249-126c-4fed-a384-1e1be7fde5c5', '2024-09-19 19:31:09',1,'c2d8d98b-eb9a-485b-94de-79a5a0ee4605'),
('6b2b0f8c-c0ad-485a-877f-05783c237e79', '2024-09-20 11:11:42',0,'c2d8d98b-eb9a-485b-94de-79a5a0ee4605'),
('bf046c7e-38a8-4d1a-b168-03925b20d92b', '2024-09-20 15:17:02',1,'c2d8d98b-eb9a-485b-94de-79a5a0ee4605'),
('18b3ff7c-85cd-4783-ba8a-af5e38d7b059', '2024-09-21 11:19:54',0,'c2d8d98b-eb9a-485b-94de-79a5a0ee4605'),
('f4419c08-9d1c-44cf-9d2c-ccb933ae899b', '2024-09-21 19:33:21',1,'c2d8d98b-eb9a-485b-94de-79a5a0ee4605'),
('0c9a3729-00cb-4e0e-9145-613bebe659de', '2024-09-22 09:05:51',0,'c2d8d98b-eb9a-485b-94de-79a5a0ee4605'),
('16f451c5-7f62-475a-be92-f6998f72b071', '2024-09-22 19:54:29',1,'c2d8d98b-eb9a-485b-94de-79a5a0ee4605'),
('31b4989c-fedc-481b-b3b1-bb0184443ccd', '2024-09-23 08:10:01',0,'c2d8d98b-eb9a-485b-94de-79a5a0ee4605'),
('a885199a-aa32-4a3a-9a38-c06df6fd7722', '2024-09-23 18:25:18',1,'c2d8d98b-eb9a-485b-94de-79a5a0ee4605'),
('7106f9ba-a9ac-4bfd-acbb-008cc0918005', '2024-09-24 07:37:57',0,'c2d8d98b-eb9a-485b-94de-79a5a0ee4605'),
('10d5f03d-43bd-4b3e-b4b9-1b41c15a2dc7', '2024-09-24 15:07:14',1,'c2d8d98b-eb9a-485b-94de-79a5a0ee4605'),
('c0916c69-9c84-49cc-b4a0-a343ba60af29', '2024-09-25 09:09:11',0,'c2d8d98b-eb9a-485b-94de-79a5a0ee4605'),
('8c21dfbc-7120-457c-a8a4-7ac82f6b36e0', '2024-09-25 16:15:16',1,'c2d8d98b-eb9a-485b-94de-79a5a0ee4605'),
('de167026-4822-4c3d-80c5-c54fc98d39da', '2024-09-26 07:15:33',0,'c2d8d98b-eb9a-485b-94de-79a5a0ee4605'),
('5d1b28eb-3439-4e8b-be92-5027a47f8ec2', '2024-09-26 15:44:50',1,'c2d8d98b-eb9a-485b-94de-79a5a0ee4605'),
('960a1e19-3dec-4d5e-8cf3-1906ba5a0a2f', '2024-09-27 12:47:37',0,'c2d8d98b-eb9a-485b-94de-79a5a0ee4605'),
('1255313e-d745-4374-82fe-1ed9db4332e0', '2024-09-27 16:56:37',1,'c2d8d98b-eb9a-485b-94de-79a5a0ee4605'),
('559f36f1-cfb2-42ac-8afa-eb3aba3411db', '2024-09-28 11:49:52',0,'c2d8d98b-eb9a-485b-94de-79a5a0ee4605'),
('b47f0ae0-6b62-4f1c-8977-cbab1ec4807a', '2024-09-28 16:52:54',1,'c2d8d98b-eb9a-485b-94de-79a5a0ee4605'),
('5fcf331c-f842-43ef-814a-91e0e8154b91', '2024-09-29 12:35:03',0,'c2d8d98b-eb9a-485b-94de-79a5a0ee4605'),
('b7863bbf-ed51-4e53-9e08-c0a765f6d1cf', '2024-09-29 19:47:33',1,'c2d8d98b-eb9a-485b-94de-79a5a0ee4605'),
('076a17b2-9da9-44e0-9db6-637640729edb', '2024-09-30 07:22:17',0,'c2d8d98b-eb9a-485b-94de-79a5a0ee4605'),
('f508a01b-08f3-44b3-8bec-1fd8accf05e5', '2024-09-30 15:25:16',1,'c2d8d98b-eb9a-485b-94de-79a5a0ee4605'),
('6caba0a3-24eb-41d1-83d2-72e147b52868', '2024-10-01 07:10:39',0,'7c918226-cdb7-496a-a6b4-1c74c0d50462'),
('0302ff9a-75de-4b9c-8eed-77d501ecace7', '2024-10-01 15:35:25',1,'7c918226-cdb7-496a-a6b4-1c74c0d50462'),
('6d4a0526-a011-47aa-a829-cea777e2ca7f', '2024-10-02 08:10:27',0,'7c918226-cdb7-496a-a6b4-1c74c0d50462'),
('8f624965-6878-4aac-875e-0304b1bf97b4', '2024-10-02 18:35:26',1,'7c918226-cdb7-496a-a6b4-1c74c0d50462'),
('009a70dc-9f6e-4e83-bb35-638ae577a41c', '2024-10-03 09:45:15',0,'7c918226-cdb7-496a-a6b4-1c74c0d50462'),
('0aac95af-dd6d-409a-9708-e9b68ef4d0bc', '2024-10-03 14:20:07',1,'7c918226-cdb7-496a-a6b4-1c74c0d50462'),
('1bd3039e-3083-43d6-aa60-53a130bae5f7', '2024-10-04 09:01:28',0,'7c918226-cdb7-496a-a6b4-1c74c0d50462'),
('ab3a16af-4e3f-437e-a12f-d67652713055', '2024-10-04 14:39:54',1,'7c918226-cdb7-496a-a6b4-1c74c0d50462'),
('29a4b404-176a-4f7a-b863-89682bf912b6', '2024-10-05 12:13:59',0,'7c918226-cdb7-496a-a6b4-1c74c0d50462'),
('8a93f862-44dd-4d70-8db6-0c5d5cbfeaae', '2024-10-05 19:11:59',1,'7c918226-cdb7-496a-a6b4-1c74c0d50462'),
('f0d70781-6859-464f-bdd0-d7e6809611fa', '2024-10-06 09:38:29',0,'7c918226-cdb7-496a-a6b4-1c74c0d50462'),
('334fb10c-a5b0-4efa-8d6d-2818c27261e0', '2024-10-06 17:42:03',1,'7c918226-cdb7-496a-a6b4-1c74c0d50462'),
('99127aba-df57-4626-a304-5934810c8a45', '2024-10-07 09:05:10',0,'7c918226-cdb7-496a-a6b4-1c74c0d50462'),
('4134488f-c43f-4603-8097-27d70b51a58b', '2024-10-07 14:33:25',1,'7c918226-cdb7-496a-a6b4-1c74c0d50462'),
('fe5a801d-c8b6-4fa0-a253-b03b12e6b91a', '2024-10-08 11:06:58',0,'7c918226-cdb7-496a-a6b4-1c74c0d50462'),
('a924d813-ca0e-4d30-b06f-016e27f42ff1', '2024-10-08 15:45:49',1,'7c918226-cdb7-496a-a6b4-1c74c0d50462'),
('f0a6fd40-cf2a-403a-bc07-1b1ae3fa6f68', '2024-10-09 09:05:45',0,'7c918226-cdb7-496a-a6b4-1c74c0d50462'),
('0b604984-016b-4633-809f-88bc699f61ff', '2024-10-09 16:20:12',1,'7c918226-cdb7-496a-a6b4-1c74c0d50462'),
('4f18217b-9874-4808-9b11-753fc493a1d3', '2024-10-10 09:58:53',0,'7c918226-cdb7-496a-a6b4-1c74c0d50462'),
('622844d3-f462-442a-8ce2-fa936d2e4a8e', '2024-10-10 14:20:00',1,'7c918226-cdb7-496a-a6b4-1c74c0d50462'),
('a47a184c-928a-4677-b9dd-41ae58c9708e', '2024-10-11 08:02:37',0,'7c918226-cdb7-496a-a6b4-1c74c0d50462'),
('323163e4-b3f6-48a0-9752-eda40b4defbb', '2024-10-11 18:05:07',1,'7c918226-cdb7-496a-a6b4-1c74c0d50462'),
('ae110f6b-d0e9-4d3a-bbe6-011f26230ae9', '2024-10-12 12:42:39',0,'7c918226-cdb7-496a-a6b4-1c74c0d50462'),
('ab7de052-b3e6-478b-b453-84a2c4ba9901', '2024-10-12 17:19:19',1,'7c918226-cdb7-496a-a6b4-1c74c0d50462'),
('07c6a663-4a3c-4c29-bc17-75b722906ed8', '2024-10-13 10:45:14',0,'7c918226-cdb7-496a-a6b4-1c74c0d50462'),
('b6d0bd1e-0e0a-4266-b98f-13352d8dd8cb', '2024-10-13 15:51:55',1,'7c918226-cdb7-496a-a6b4-1c74c0d50462'),
('ef89239a-78ed-48b8-bb71-14c7e54e6a58', '2024-10-14 10:04:23',0,'7c918226-cdb7-496a-a6b4-1c74c0d50462'),
('c9e2c170-7535-4390-aa8f-2cdbd2dbb85e', '2024-10-14 17:40:55',1,'7c918226-cdb7-496a-a6b4-1c74c0d50462'),
('71cf206c-4f89-41f7-b537-847640dfc340', '2024-10-15 09:32:26',0,'7c918226-cdb7-496a-a6b4-1c74c0d50462'),
('ab09e748-af00-44b7-a989-e727a0aa2319', '2024-10-15 16:41:34',1,'7c918226-cdb7-496a-a6b4-1c74c0d50462'),
('ed11a62c-6d9b-4215-b312-a199e3858c21', '2024-10-16 07:41:03',0,'7c918226-cdb7-496a-a6b4-1c74c0d50462'),
('6a23cb02-65a5-4387-82e8-b06ad3ce6278', '2024-10-16 15:11:25',1,'7c918226-cdb7-496a-a6b4-1c74c0d50462'),
('cb62094e-f694-4f74-a788-f9cb3c38155e', '2024-10-17 11:31:52',0,'7c918226-cdb7-496a-a6b4-1c74c0d50462'),
('3949a05f-2bb4-4a32-a120-b99c080099d3', '2024-10-17 16:50:47',1,'7c918226-cdb7-496a-a6b4-1c74c0d50462'),
('7dc629f3-570e-4adb-8c89-4545e168ee83', '2024-10-18 10:43:05',0,'7c918226-cdb7-496a-a6b4-1c74c0d50462'),
('e9defb65-048a-4bd0-8e73-2ca6dc419524', '2024-10-18 17:09:23',1,'7c918226-cdb7-496a-a6b4-1c74c0d50462'),
('635781c2-ddd3-4875-afb6-c3c4303f9660', '2024-10-19 08:21:30',0,'7c918226-cdb7-496a-a6b4-1c74c0d50462'),
('2a9dc5c6-0019-4485-a346-14f414b46690', '2024-10-19 15:41:38',1,'7c918226-cdb7-496a-a6b4-1c74c0d50462'),
('23a3fd3a-68be-4564-ad5d-bdb325f53378', '2024-10-20 09:57:58',0,'7c918226-cdb7-496a-a6b4-1c74c0d50462'),
('82b865a1-170b-4988-ae67-422300a47ac7', '2024-10-20 17:08:52',1,'7c918226-cdb7-496a-a6b4-1c74c0d50462'),
('3e611bdb-afc3-4076-8561-2e983d2faf7d', '2024-10-21 08:49:50',0,'7c918226-cdb7-496a-a6b4-1c74c0d50462'),
('517527ea-5ac7-4d2b-b38b-d4f25d4e739c', '2024-10-21 14:16:09',1,'7c918226-cdb7-496a-a6b4-1c74c0d50462'),
('6d09719e-7e70-405a-bede-a4397370c061', '2024-10-22 09:08:07',0,'7c918226-cdb7-496a-a6b4-1c74c0d50462'),
('4fc8fc9e-9d34-4ef1-bfc0-763a794f99cf', '2024-10-22 17:08:56',1,'7c918226-cdb7-496a-a6b4-1c74c0d50462'),
('d4f8c86f-e77d-4769-858c-93824089902f', '2024-10-23 10:01:07',0,'7c918226-cdb7-496a-a6b4-1c74c0d50462'),
('021fb614-e029-46be-be1f-6b045696ad24', '2024-10-23 14:51:05',1,'7c918226-cdb7-496a-a6b4-1c74c0d50462'),
('ecc5b07c-aac5-4475-9998-c15c2737a181', '2024-10-24 10:07:42',0,'7c918226-cdb7-496a-a6b4-1c74c0d50462'),
('58eadcaf-1004-43c1-9d67-f83b92072a2e', '2024-10-24 19:58:30',1,'7c918226-cdb7-496a-a6b4-1c74c0d50462'),
('735a9ff3-bf67-4223-93bd-e01ef323963d', '2024-10-25 10:05:57',0,'7c918226-cdb7-496a-a6b4-1c74c0d50462'),
('022fa4f6-8b68-4774-8a80-065cc187f354', '2024-10-25 15:10:53',1,'7c918226-cdb7-496a-a6b4-1c74c0d50462'),
('c73f3788-b44d-4d9c-bd85-502c96025ee1', '2024-10-26 10:02:41',0,'7c918226-cdb7-496a-a6b4-1c74c0d50462'),
('af2b44c0-f6b6-4dfc-a5cf-78d1f652b25a', '2024-10-26 19:54:51',1,'7c918226-cdb7-496a-a6b4-1c74c0d50462'),
('3406d88c-54ee-4580-98d7-152ceee0138c', '2024-10-27 09:51:52',0,'7c918226-cdb7-496a-a6b4-1c74c0d50462'),
('76f6fcdd-ff3f-4ecd-9b1c-1b9f101812f9', '2024-10-27 18:00:06',1,'7c918226-cdb7-496a-a6b4-1c74c0d50462'),
('ee5c499f-ee4d-4bfb-b52c-73f8ab1313c9', '2024-10-28 09:39:41',0,'7c918226-cdb7-496a-a6b4-1c74c0d50462'),
('906d3d5b-c6a5-48db-93b3-0bdcbc10e799', '2024-10-28 16:52:01',1,'7c918226-cdb7-496a-a6b4-1c74c0d50462'),
('c6ca3131-e60e-4f7f-8110-8678f532256c', '2024-10-29 08:02:50',0,'7c918226-cdb7-496a-a6b4-1c74c0d50462'),
('3a064e8b-ee4c-4ad6-bffb-feedd09a0c13', '2024-10-29 16:23:48',1,'7c918226-cdb7-496a-a6b4-1c74c0d50462'),
('23ce87c7-39e5-4c6f-84cf-b51ce406559f', '2024-10-30 12:37:04',0,'7c918226-cdb7-496a-a6b4-1c74c0d50462'),
('b74e6689-8fee-4783-923a-5e2d21e54402', '2024-10-30 19:04:09',1,'7c918226-cdb7-496a-a6b4-1c74c0d50462');

INSERT INTO LEAVE_POINT(id,date,id_user) VALUES
('395cc333-6583-4fc6-9a6f-ad9d63bd3c11', '2024-01-11','e51739bb-9b6a-4db7-826c-93627781f4d1'),
('ed266306-c51e-4096-addb-c722c594765f', '2024-01-21','e51739bb-9b6a-4db7-826c-93627781f4d1'),
('11bbc2e6-f241-44b9-9e5b-20269f73464e', '2024-02-08','327a58d2-2d91-4922-af24-1c71546bda7f'),
('2577a188-d9f2-41ce-a690-771fe8bddd18', '2024-02-22','327a58d2-2d91-4922-af24-1c71546bda7f'),
('db411ebc-91a1-4845-a893-db6b3f609e6f', '2024-03-01','03e97e55-63f3-4295-9d26-3db8ef2c5e52'),
('82865051-45ae-45a2-b703-2624d6ba21c8', '2024-04-25','9e4dcb5f-aa12-45ee-b2a7-493e98f9fb64'),
('b0f6c4a5-0b43-48f9-a374-84383046702b', '2024-05-05','ae4ab7c1-c3e6-4b15-971f-d8b32005854a'),
('35435735-c48a-469f-8052-8e431fba8982', '2024-06-26','2c1f5946-03eb-4de4-b7c2-58d6d24dd1a3'),
('b2f0a6c6-48d5-46ee-8a1f-6938b99163ab', '2024-06-03','2c1f5946-03eb-4de4-b7c2-58d6d24dd1a3'),
('1293f81d-3cd9-4344-a9cb-796185b70208', '2024-07-17','ed7c3aa0-1b32-4a08-8391-c82eac9a9f6c'),
('a3b73733-8d09-4248-b8dd-53931bb505cd', '2024-07-09','ed7c3aa0-1b32-4a08-8391-c82eac9a9f6c'),
('8519127f-8fd1-4ff1-b549-2f89962ede1b', '2024-07-06','ed7c3aa0-1b32-4a08-8391-c82eac9a9f6c'),
('cbf0a65e-6408-4481-a171-9fcfe3bac849', '2024-08-11','fb7bc4c7-d25f-4f9f-a3b0-ae18b28559bc'),
('a685947a-a2d2-4e12-ad80-e24cd37fec1e', '2024-09-22','c2d8d98b-eb9a-485b-94de-79a5a0ee4605'),
('36c85152-a07c-4bcd-8c7e-e43e00bc79e4', '2024-09-08','c2d8d98b-eb9a-485b-94de-79a5a0ee4605'),
('7752f284-d2cf-4a99-b05a-6ab21360d147', '2024-10-14','7c918226-cdb7-496a-a6b4-1c74c0d50462');